date,pm25_mean,at_c_mean,rh_percent_mean,ws_m_s_mean,wind_east_west_mean,wind_north_south_mean,rainfall_rate_mm_mean,sr_w_mt2_mean,surface_pressure_hpa_mean,boundary_layer_height_m_mean
01/01/2023,130.5,11.90458333,85.614125,1.459900199,0.853916662,-0.389374999,0,161.5488747,994.2441203,288.0598678
02/01/2023,NA,12.24579155,84.40304167,0.914505731,0.209583331,0.249208332,1.21E-04,150.649708,995.2512538,284.7067962
03/01/2023,211.1770833,10.25458336,87.621375,1.441257557,1.099499997,-0.86004166,1.79E-04,154.4837063,996.0930862,269.9397532
04/01/2023,146.75,9.538208346,88.47841667,2.068646107,1.442041675,-1.420625004,0,168.9585839,996.5214539,217.5012509
05/01/2023,154.8804348,8.230041662,92.81041667,2.028575866,1.499625,-1.174583329,1.63E-04,129.6385412,997.5461222,156.4948331
06/01/2023,188.3333333,7.637458345,89.95408333,1.810465894,1.175041653,-1.150166676,0.001491667,122.5259583,998.0246277,137.2880417
07/01/2023,185.3333333,7.676208357,89.81666667,2.226973807,1.758291674,-1.175791686,8.33E-05,145.0837065,995.9380468,154.7562067
08/01/2023,182.78125,9.53883336,88.56995833,2.413185935,1.904500002,-1.090958335,0,167.7318323,993.2915827,156.8390406
09/01/2023,226.2631579,10.11770829,89.08375,1.611487059,1.144541668,-1.096625004,7.79E-04,140.2400026,994.1454519,113.1270822
10/01/2023,180.7916667,11.23358321,85.66133333,2.238475838,1.760291671,-1.306166661,0,167.308875,993.0907542,167.0192056
11/01/2023,146.5416667,11.40200003,90.62104167,2.007945035,-0.187083329,-0.405125001,0.0169875,125.4169568,988.8628744,164.4199578
12/01/2023,204.5416667,14.28479163,84.48166667,3.37040876,-2.746625011,1.522833338,0.067270833,122.7140407,986.426295,327.8678328
13/01/2023,221.0833333,14.67137496,89.04341667,2.424766661,-1.273166673,0.219416669,0.283095834,117.2658736,987.3568751,241.0098769
14/01/2023,154.2083333,12.80399994,83.420875,3.296577641,2.818916681,-1.661375001,3.38E-04,165.8837081,990.3432821,363.1235814
15/01/2023,92.875,10.52629165,68.08829167,3.29422383,3.024666677,-1.238333327,0,178.5125832,989.4375814,358.2869137
16/01/2023,145.0416667,9.734916617,67.66595833,2.277064555,1.875500003,-1.210416663,0,183.5059153,990.6580048,297.6684956
17/01/2023,126.5,9.996124922,65.79616667,2.732739733,2.216041664,-1.544208341,0,185.1281657,991.1621704,276.0897908
18/01/2023,173.9166667,9.885958374,71.35058333,2.305472729,1.734750003,-1.422791657,0,183.604499,993.0127945,250.6236272
19/01/2023,179.0416667,12.87041658,70.68625,1.499883567,0.845666675,-0.999416666,0.033958334,159.1133345,992.9174983,208.7788329
20/01/2023,94.29166667,14.65783334,73.68504167,2.898002532,0.07245833,-2.828083336,0.001091667,162.6081652,991.1250381,416.5269629
21/01/2023,214.7083333,13.58329163,79.91933333,1.666942929,0.388208332,-1.086833337,0,181.3023342,990.771581,265.0652924
22/01/2023,227.9166667,14.51925003,77.983125,1.813967649,-0.369291665,-1.586166666,4.17E-05,158.0703729,989.9801661,249.8284627
23/01/2023,162.2916667,16.3807083,68.58895833,1.594424802,-0.572375001,-1.052333334,0,177.7251252,989.3590469,241.1557959
24/01/2023,98.29166667,16.38608325,85.85904167,2.789568295,-2.038999985,1.539875006,0.061633332,103.6985017,988.2597097,347.5330004
25/01/2023,100,16.57700006,88.20908333,1.486459137,-0.71383333,0.355833329,0.047141667,126.4755821,989.7013804,269.3240439
26/01/2023,135.7083333,14.8807917,88.14745833,3.059744464,2.266250002,-2.019583345,8.33E-05,163.9689155,992.1578776,382.2732935
27/01/2023,84.66666667,13.38199997,73.28970833,3.645401195,3.167625,-1.77350001,0,194.1792472,992.0956294,321.2623762
28/01/2023,113.6666667,13.42887505,73.86383333,2.979249491,2.744958341,-1.081750002,0,196.9948724,989.0514552,216.4639152
29/01/2023,214.65,13.13954163,89.14820833,1.965094371,-1.212208334,0.541999991,0.19515,77.13400083,988.7330399,141.4792074
30/01/2023,NA,14.29695833,88.00666667,2.697368084,-1.503083327,1.06845835,0.451862498,99.41116745,991.9003703,255.7529999
31/01/2023,62,15.03829153,86.40575,3.786796767,3.19525,-1.996166666,0,192.3829533,992.5230408,391.538336
01/02/2023,74.25,14.8352083,78.88370833,4.146301959,3.626166662,-1.976166666,0,199.3445002,991.3123347,371.9012922
02/02/2023,78.20833333,15.73304164,69.00379167,3.854361487,3.409916664,-1.765416667,0,201.8362499,990.1888758,302.7792495
03/02/2023,110.125,15.75166667,72.11616667,2.946682728,2.650999983,-1.19612499,0,200.7866656,990.3022868,243.6028366
04/02/2023,128.4166667,16.64633342,69.81029167,3.444751629,3.164458324,-1.317250011,0,200.8296226,987.7247492,276.3542498
05/02/2023,104.7083333,17.32104178,68.51079167,2.966942092,2.640666656,-1.172666689,0,205.3252055,986.657458,307.6702863
06/02/2023,188.8333333,18.02904157,73.6665,1.915162801,-1.357833325,0.845666672,0,195.1599979,985.886289,224.0144568
07/02/2023,116.5,17.87654165,76.38695833,2.910594136,2.129124983,-1.482416667,0,202.7384611,985.5010427,310.9711209
08/02/2023,73.29166667,16.26770842,67.96858333,2.979736267,2.59754168,-1.370833327,0,208.2170428,987.9158732,284.7930807
09/02/2023,106.9166667,17.97600003,67.760625,2.447909422,0.08458334,0.66633332,0,206.15704,986.4244537,245.9603337
10/02/2023,124.75,19.83820848,75.08320833,2.862391524,-2.192916659,1.763000001,0,204.600792,985.3674571,301.7093736
11/02/2023,147.5454545,19.50225004,75.677,2.4602735,0.84795833,-0.954208335,0,206.5192932,987.3650869,393.7147488
12/02/2023,48.32291667,16.86125,57.10608333,4.022320997,2.95933334,-2.512541657,0,218.1488748,991.4359996,701.081919
13/02/2023,39.60069444,15.79700001,42.15358333,6.037272553,5.396458298,-2.672166665,0,220.9555435,989.5985819,590.7628797
14/02/2023,52.84375,17.27358337,47.503375,3.704850968,3.006583318,-2.089166649,0,215.7436643,989.6613363,340.2176253
15/02/2023,89.29166667,19.01279167,53.93741667,4.12851064,3.568499985,-1.919291665,0,217.4407081,986.8974177,351.5913334
16/02/2023,172.0833333,18.97783319,73.17129167,1.535444368,0.533750003,-1.384000007,0,216.6562889,988.7778346,201.7723323
17/02/2023,253.3636364,19.88704173,78.01208333,1.85764544,-0.43983334,-0.424291664,0,218.0933319,990.0000915,254.4402064
18/02/2023,203.8333333,19.36312493,77.019875,1.889818621,1.052791665,-1.364833333,4.17E-05,220.2570442,989.2683258,194.6048307
19/02/2023,187.4347826,20.46858323,76.77983333,1.476131971,-0.649000005,-0.739916666,2.08E-05,217.3844595,988.165952,213.4719593
20/02/2023,170.875,22.46154177,70.07070833,1.983956018,-1.42645833,1.096583338,0,218.336247,985.3119202,230.9273318
21/02/2023,145.4673913,22.5868334,70.99820833,2.252416155,0.252708323,0.192791663,0,226.8362921,984.6653341,263.0920823
22/02/2023,138.6704545,20.87916672,72.888375,2.210032194,0.811916667,-1.719375004,0,215.0585002,986.6804148,398.9792529
23/02/2023,81.90625,20.2415417,61.78658333,3.310894712,2.653708329,-1.731624986,0,235.5829611,986.8177541,361.4136648
24/02/2023,82.8125,19.56816649,66.096625,2.68220885,2.292125011,-1.302374999,0,225.9607502,988.663297,262.5826672
25/02/2023,119.0208333,20.54183344,68.02395833,2.010640469,1.105416673,-1.25341667,0,234.6496647,990.3275045,279.7398729
26/02/2023,141.4270833,21.97666677,67.23295833,1.456266458,-0.042374991,-1.187333336,5.75E-04,221.4695812,991.8361664,309.0324597
27/02/2023,128.1041667,22.02587505,69.498125,2.041669912,0.992916668,-1.638166659,0,219.113292,991.4152425,386.2037505
28/02/2023,104.6666667,21.3919998,67.70925,2.325169083,-0.132500002,-1.988624968,0.012316667,221.320039,991.5073395,314.9145045
01/03/2023,66.70833333,22.28966665,63.43075,2.23861222,-0.463708336,-1.821958318,0,234.3718344,992.8045883,296.4349981
02/03/2023,101.6666667,22.31383332,66.87520833,2.459356184,1.44908334,-1.879374996,0,237.9815412,992.7354202,299.9133361
03/03/2023,56.29166667,23.22041679,63.53191667,3.116236475,2.263625011,-2.042333345,0.008604167,231.5807469,992.9401627,423.8681336
04/03/2023,51.58333333,21.84904146,66.24079167,3.268086853,2.225124995,-2.283,4.17E-05,213.6948342,993.3188349,317.2835798
05/03/2023,59.08680556,22.32474995,66.27754167,2.958603347,2.356708333,-1.73929167,0,241.3932915,992.2334137,421.9881668
06/03/2023,63.16666667,22.11583352,64.79825,2.97803776,2.494083325,-1.473166669,0,247.3044564,989.9940847,499.0063793
07/03/2023,104.6875,22.23679153,65.43279167,1.964876287,1.572374998,-0.820166664,0,244.9985428,989.6814219,462.0745769
08/03/2023,114.3888889,22.36695822,64.08483333,1.644675469,1.107625005,-0.477500005,0.019133333,233.0836668,990.7660853,464.4454199
09/03/2023,NA,22.41720843,65.52341667,1.906311842,1.364375005,-0.67070833,3.58E-04,241.5674189,990.7992528,467.0865887
10/03/2023,95.59722222,22.52879175,67.26804167,2.437569642,2.145458326,-1.045916669,0,251.4230021,989.7730865,526.9058372
11/03/2023,110.625,23.45050001,64.54704167,2.065906665,1.257374994,-1.338083342,0,252.2948764,989.4309184,533.7925092
12/03/2023,NA,24.27633341,63.29558333,1.768512103,0.681499998,-0.855416663,0,253.5682085,988.8502884,451.7993314
13/03/2023,123.2395833,24.21495843,67.10225,2.183902934,0.821041647,-1.585374994,0.055491667,204.0243344,987.3876673,385.9185
14/03/2023,133.03125,25.02725005,65.27820833,2.419305235,2.048625007,-0.957791666,0.014308334,254.008877,984.6070836,514.7330042
15/03/2023,116.0416667,24.70033336,60.57004167,1.629466687,-0.338041672,-1.198791671,0.001708333,250.985877,983.6814143,505.1661175
16/03/2023,132.0833333,25.15141654,56.9545,1.800483561,-0.921333334,0.140166655,0.016233334,208.4051682,984.5074615,398.9238751
17/03/2023,89.23958333,23.84670806,64.02158333,1.820369737,-1.257041658,0.210958337,0.060166667,201.1480794,986.1390381,308.6949575
18/03/2023,65.34722222,21.02541669,81.89275,2.523099149,-2.280875005,0.120041664,0.165416669,202.8362495,985.6085409,373.7735411
19/03/2023,NA,21.25787489,82.79925,1.265937292,-0.638999993,0.484166664,0.214295833,236.4222523,983.4538701,356.523791
20/03/2023,62.79166667,19.56479152,85.247875,1.81418726,-1.079166666,-0.434625001,0.746833334,114.4806662,982.3906631,303.0005395
21/03/2023,32.30208333,19.41812515,84.14708333,1.888165164,-1.242791668,-0.669458338,0.070400001,150.7681228,983.5220439,416.2929586
22/03/2023,66.55208333,20.65733337,78.27616667,1.395532045,0.518000004,-0.380125003,0.006466667,248.4134186,984.8039525,382.5637951
23/03/2023,89.8125,22.71766662,67.84558333,2.285763787,1.68074999,-1.357500004,0,268.2060396,983.4038315,476.6141251
24/03/2023,97.98958333,22.20575007,74.37920833,2.488064463,-2.054833343,-0.226208336,0.182387505,215.3377932,983.5575409,284.3676251
25/03/2023,36,22.44516675,79.95429167,2.539899385,-1.935708325,0.157708331,0.4810625,233.9725812,985.849706,393.5089158
26/03/2023,57.15625,23.14758317,67.60670833,2.645249132,0.862458334,-2.298500012,0,245.4896241,985.6861674,522.401707
27/03/2023,55.16666667,22.26075005,67.62283333,2.792732623,2.223916662,-1.444916659,0,274.0103302,984.8723348,498.0681273
28/03/2023,75.55208333,22.86470842,66.23833333,2.481443378,1.390916677,-1.501499992,0,266.6192115,984.5442022,498.5103787
29/03/2023,100.5833333,24.47370807,66.50291667,1.584238075,-0.27408333,-0.431874999,0.028358333,260.2607505,984.8224233,425.8068319
30/03/2023,64.66666667,24.21754162,67.69754167,2.16898009,0.311541651,-1.003375001,0.265695831,261.1222506,983.1885859,384.4695409
31/03/2023,23.79166667,20.53220852,85.152375,1.74507075,-1.410999984,0.002291674,0.410258334,230.1644167,983.1391958,481.4578685
01/04/2023,49.58333333,21.36333338,79.80291667,1.471951023,-1.147750007,0.378166671,0.187570836,227.0222089,983.793246,433.8084248
02/04/2023,59.66666667,22.67433318,74.02579167,2.199571919,0.966583334,-0.762874988,0.014766666,267.0992517,982.9216766,432.3409596
03/04/2023,73.83333333,23.75212495,70.36695833,1.962248413,-0.414958328,-1.344291658,0.070712497,273.3140835,981.5041657,457.3468778
04/04/2023,42.41666667,23.77870838,67.69779167,2.624635342,1.03841667,-1.980833328,0.011104167,279.2251668,983.9400838,511.2836194
05/04/2023,51.04166667,24.02325026,55.19920833,2.587673477,1.574958336,-1.908583323,0,296.9311266,984.424914,457.1986225
06/04/2023,36.45833333,25.06533376,50.17933333,3.199099051,1.413708348,-2.73845835,0,286.3807505,986.4899546,596.7328682
07/04/2023,49.79166667,24.84100008,47.37354167,3.193087045,2.277374988,-2.154208317,0,308.0547912,988.100797,506.0815023
08/04/2023,48.83333333,25.0526251,42.68295833,2.776197612,2.237874995,-1.538916675,0,308.0104564,988.6011225,481.6253788
09/04/2023,109.7083333,25.55991666,45.46266667,2.373038233,1.141791646,-1.889041682,0,305.599251,988.4466222,731.7202097
10/04/2023,112,25.85254168,44.33254167,2.487373419,2.130499999,-1.147458332,0,300.7317924,986.7357102,693.7182528
11/04/2023,148.9583333,27.76800013,38.623875,3.522073552,2.554791684,-2.305458342,0,294.4985861,985.8005804,791.0651659
12/04/2023,74.91666667,29.30145836,39.008875,3.472147865,2.496958315,-2.288666656,0.002266667,286.7777078,985.2362849,1014.818368
13/04/2023,90.20833333,29.29441698,38.95875,2.882635594,2.110541667,-1.801916655,0,305.7940036,983.5782471,759.2154936
14/04/2023,116.6770833,29.82670824,37.23091667,2.649167823,2.051999984,-1.581666668,0,307.6488769,982.9000829,830.5247227
15/04/2023,154.9479167,30.75270812,36.43454167,1.879409056,1.242874994,-0.36383333,0,306.7147914,982.2094981,999.8875394
16/04/2023,74.75,31.18729154,38.23116667,2.080513061,1.410666672,-0.189708331,0,281.5503335,981.5058772,744.9250525
17/04/2023,74.75,31.58475018,38.23241667,2.116956455,0.953333327,-1.122916666,0,290.322208,981.1451263,753.910868
18/04/2023,119.1666667,32.09358327,39.40908333,2.284352698,1.855083335,-0.511916664,0.026625,300.2096671,982.3157069,963.4020459
19/04/2023,58.33333333,29.94375014,47.06158333,2.415764004,0.581000008,-1.663166678,0.010845833,279.3969592,980.0437927,818.6486521
20/04/2023,40.11458333,28.98958341,48.05916667,2.069459962,0.718458333,-0.784208333,0.013116667,286.6326688,977.2558365,698.9678846
21/04/2023,39.75,28.46954147,43.94104167,2.478602926,-1.070750001,-0.635041671,0.013075,285.4377538,978.3643316,1109.002619
22/04/2023,41.125,28.32800007,38.49458333,2.417791728,-0.209791666,-1.222458324,0,304.2222094,979.5382106,996.9932537
23/04/2023,23.625,26.43637498,37.91629167,2.110027497,1.135583319,-1.063333332,0.016691666,287.7748309,981.2910817,966.4378214
24/04/2023,79,26.09570837,43.537375,2.902031082,-1.768291666,1.348625008,0.0179625,269.6370411,984.6014557,848.1222852
25/04/2023,74.89583333,26.80595835,45.69379167,2.75295526,-2.091875009,0.724833331,0,311.7311251,985.8957469,841.8001636
26/04/2023,108.9166667,28.61858336,41.91345833,2.012327025,-0.449791665,0.503833336,0,266.3711654,982.6863352,914.3578764
27/04/2023,108.125,29.59608348,39.92991667,2.250450183,-0.737249995,0.403541661,0.0069375,276.3717892,981.9769974,1168.418121
28/04/2023,82.375,28.18549999,44.25279167,1.451676872,-0.492041666,0.448458332,0.041745834,201.0333309,983.2434998,461.6177456
29/04/2023,102.0833333,27.23179166,52.93808333,2.068917128,1.329791658,0.596541666,0.081424999,224.8236662,982.3102926,542.3607508
30/04/2023,54.79166667,25.02804176,65.35491667,1.850758042,-1.569333344,-0.157124993,0.151954167,247.5414574,981.8970006,607.0012978
01/05/2023,38.375,22.54579171,84.447625,3.019055584,-2.757833354,0.511208338,0.591316671,154.7889172,982.0529633,484.1588764
02/05/2023,37.41666667,22.45762491,88.24445833,3.06928213,-2.905458366,0.394458344,0.626154157,176.6407065,983.5797526,547.2145411
03/05/2023,47.625,23.04583335,80.755875,2.130380231,-1.753499997,-0.103375006,0.337412497,208.4392932,984.6723735,406.9558314
04/05/2023,45.70833333,25.2024583,74.11920833,1.443075779,-1.256916675,0.48683334,0.012141667,287.3289578,984.2154567,551.3481639
05/05/2023,94.1875,27.84441654,61.6545,1.913846305,0.918000013,-0.388833326,0.001154167,293.4052094,982.2818781,745.8860809
06/05/2023,107.8854167,28.76875011,52.35095833,2.780221108,2.370208328,-1.114583332,0.051412501,301.5103705,980.4577103,635.9638297
07/05/2023,91.53125,29.29725003,51.098875,2.31857985,0.111833351,0.221625005,0.016033333,305.4496666,979.5913747,757.8784116
08/05/2023,57.5,30.02983332,47.05825,3.584711091,-2.057874985,2.075124998,0.01275,296.6325815,978.9978282,666.578118
09/05/2023,93.55208333,29.43704136,46.25229167,2.829873541,1.252416678,-2.275250003,0,328.8844168,981.2363714,650.9205043
10/05/2023,100.0978261,28.94125009,35.77433333,3.369477187,2.399624998,-2.189583359,0,334.5430823,980.7698313,801.9863442
11/05/2023,177.0543478,30.43570828,37.25929167,2.029132292,1.756458332,-0.541041672,0,331.6073738,981.2739156,785.9528786
12/05/2023,112.875,31.5807085,40.18145833,2.177790142,0.388791681,-0.243791665,0,327.306671,980.0551198,809.5159532
13/05/2023,132.2916667,32.45116695,42.95470833,2.595963334,-1.873041683,1.023416667,0,323.9829626,979.3314183,637.9281702
14/05/2023,98.28125,32.74433343,43.03441667,2.540621818,-0.43041665,-0.63325001,0.038345832,302.0392093,976.6238785,762.1170742
15/05/2023,40.3125,32.6282084,40.17925,2.51162091,1.251041655,-1.109958328,0.016708334,315.5977919,976.2246195,814.9055481
16/05/2023,133.5104167,32.35549998,38.78504167,3.08761902,2.664583323,-0.990833333,0,321.2829574,978.1238327,766.5755342
17/05/2023,81.04545455,33.17720834,38.27358333,2.848349836,2.014000011,-0.967791677,0.025575,305.0970372,979.1889598,1039.334299
18/05/2023,42.5,30.38658341,49.25479167,3.682284712,1.904500008,-2.351208317,0.108420834,312.6081682,983.4827118,695.894292
19/05/2023,60.17708333,31.47229179,46.38825,3.81890551,3.016958336,-2.170750007,0,324.9340795,980.5330022,906.7656241
20/05/2023,69.28571429,32.7047503,42.56695833,3.263433548,2.742166657,-1.499166671,0,326.5829983,978.3983383,957.9013901
21/05/2023,30,33.99462438,39.77925,1.65151748,0.174333327,-0.99458335,0,320.2318759,978.6130091,632.3924671
22/05/2023,48.08695652,35.09325004,35.209125,3.503429819,3.053166673,-0.857708326,0.059641666,291.7288737,978.7734146,755.9982941
23/05/2023,57.95833333,35.17258318,36.24258333,4.143985824,3.780083324,-1.246416661,0.045341667,277.5881264,979.0229162,814.6452977
24/05/2023,24.58333333,29.87179176,55.141875,3.533735186,0.093083317,0.53408331,0.0524,267.9377505,979.7566299,825.1711187
25/05/2023,21.33333333,28.30174995,60.29845833,2.231208668,-0.656791664,-0.167958326,0.212295839,237.1763786,979.3545405,745.217385
26/05/2023,22,28.18366671,61.220375,1.440310711,-0.504916661,1.224458332,0.026525,279.6103326,980.3778356,633.415951
27/05/2023,45.64583333,27.15925002,69.46508333,1.943949985,-0.452541668,0.104333329,0.088216668,248.6354995,980.0310033,653.7123731
28/05/2023,71.66666667,29.86266677,62.2105,1.962608547,-0.472958322,0.55745833,0.006995833,289.7755409,980.9114558,672.6032952
29/05/2023,35.05208333,27.46887509,73.03845833,2.06520847,0.242708328,-0.388333319,0.549604179,244.4584574,982.9445852,429.8592853
30/05/2023,39.91666667,27.9379166,67.991375,1.956691739,-0.596666661,-0.236749997,0.074383331,295.1978745,982.4270427,711.8277142
31/05/2023,38.82608696,26.83666666,72.15095833,2.245378639,1.671916645,-0.121333331,0.0296875,259.7215025,981.4902878,581.418458
01/06/2023,44.10526316,26.70700002,69.875625,2.086776009,1.159916664,-1.18650001,0.012558333,296.6519216,981.2332942,598.8192468
02/06/2023,32.44791667,28.57029192,61.34216667,2.469652455,1.113000011,-1.878000016,0.0235,268.5428735,980.3117956,632.9755034
03/06/2023,50.35416667,30.1422499,55.68025,1.936274264,1.061624991,-1.423708332,0,319.8340406,980.1594137,675.5008427
04/06/2023,79.75,30.3027916,57.793375,2.405062254,2.008458337,-0.795375006,9.13E-04,252.9488328,979.7599996,490.5772511
05/06/2023,NA,32.43449998,48.43245833,2.761132221,2.06304168,-0.674583329,0.007091666,305.0666657,978.1965408,845.5810428
06/06/2023,NA,31.5355835,47.354125,1.890569439,0.923958342,-0.556708333,0.009758333,288.7377511,978.2148743,760.543922
07/06/2023,64.10416667,32.33475025,42.881375,2.295978105,1.48308334,-1.627499997,0.001908333,283.1837919,978.1150004,744.0412533
08/06/2023,51.13541667,33.3172915,41.19291667,2.930759812,1.658625008,-2.108250002,0.0012125,301.7792507,977.3768336,996.8561085
09/06/2023,43.97916667,33.98620836,40.17170833,2.941955649,2.496583338,-0.987208343,0,306.6540842,974.3393758,1081.708048
10/06/2023,40.03125,34.40679169,43.56208333,3.456137497,3.319999988,-0.61925,4.17E-05,274.9236249,973.0180359,1143.477129
11/06/2023,36.125,33.45700002,47.91795833,3.72530982,3.270083313,-1.500999996,4.00E-04,282.7133313,973.6939596,911.0898339
12/06/2023,45.88541667,35.37562498,47.80616667,4.275476664,3.811250001,-1.806250006,0,306.0251283,972.6461233,1042.510539
13/06/2023,50.73958333,36.40133309,40.53016667,5.351144309,5.039791658,-1.546458352,0,294.642207,972.5638733,1239.353738
14/06/2023,40.625,35.11991684,41.94645833,5.524154937,5.134041697,-1.47312501,5.58E-04,289.7118339,973.530042,1334.582622
15/06/2023,33.66666667,33.38162494,48.87866667,4.754727684,4.12433332,-1.809541678,0.006195833,280.9592505,975.1439616,869.7304974
16/06/2023,42.79166667,32.8462499,56.073625,3.352942188,3.111041675,-0.620458335,0.087020835,260.0377912,975.0724589,823.856534
17/06/2023,56.41666667,33.73745791,57.51291667,1.878027743,1.085000002,0.316500007,0.0063,256.0874159,975.1401672,699.3285806
18/06/2023,30.91666667,31.81804148,69.76504167,1.926649376,-0.815375003,0.608749997,0.228887503,207.4363365,975.2145411,595.6125469
19/06/2023,23.91666667,31.18783331,67.44391667,2.604767312,-1.928833326,0.373666671,0.009416667,211.5052481,973.9077072,570.923247
20/06/2023,41.5,31.71345814,68.00858333,2.79095474,-2.460708343,-0.193833329,0.124879167,221.2725817,973.9978282,583.9661687
21/06/2023,37.5,32.38350026,68.34620833,1.390456844,0.014458341,1.16625,0.058479166,234.803709,975.0213369,526.0715809
22/06/2023,39.75,32.8736248,71.81516667,1.745483911,0.940124999,0.59820833,0.141754172,186.522207,974.9602585,418.3649195
23/06/2023,59.5,32.36370818,76.04745833,1.892918984,-0.00379167,0.530083322,0.268724997,160.1354989,974.8114192,442.4567458
24/06/2023,73.66666667,32.1077915,78.497875,2.008917355,-1.394208307,0.351249992,0.187850003,205.9748331,974.3250885,434.7657941
25/06/2023,24.84210526,27.48145827,92.77054167,1.71055565,-1.028499983,0.826625005,0.665766666,76.20654188,975.8899155,264.8926256
26/06/2023,41.08333333,27.91316668,89.59216667,1.251731865,-0.853708342,0.076500003,0.650283334,141.4289183,976.344958,301.0486681
27/06/2023,33.95454545,29.62166667,82.85375,1.659581361,-1.157041657,0.425458332,0.497841669,230.389583,975.4067535,428.519668
28/06/2023,31.33333333,29.83508333,82.196125,2.140351399,-1.995041683,0.003708333,0.070891666,183.3125826,976.5275396,417.5069558
29/06/2023,38.58333333,29.99058334,81.649875,1.647881862,-1.489958326,0.079249999,0.183841664,138.3282088,975.8432923,225.0978754
30/06/2023,26.91304348,29.08441679,85.08045833,2.091185618,-1.994875004,-0.143041666,0.724387503,220.6162952,974.3884964,431.0395028
01/07/2023,19.07291667,29.81600014,81.03745833,1.579075529,-1.263458338,-0.147125001,0.014270834,248.9518725,974.9509989,438.3602063
02/07/2023,34.60416667,30.72129146,77.04116667,1.726921228,-1.195750004,-0.238833329,0.0205625,267.488917,975.6046677,503.6564974
03/07/2023,67.875,32.85254153,72.87091667,1.733970989,-0.760124982,0.69862501,0.004608333,272.5318759,974.7420375,548.8855847
04/07/2023,59.8125,31.32191682,78.52208333,2.32253339,-1.94325,0.714291662,0.010220833,237.9178309,973.6690394,464.6345851
05/07/2023,41.30208333,29.50308323,84.038625,3.06745768,-2.764833346,-0.171291672,0.073541666,214.1480852,974.0025813,497.8594977
06/07/2023,25.44791667,27.66529163,90.33479167,2.888630932,-2.77366668,0.146791669,0.289883333,124.6896675,975.824412,403.5553735
07/07/2023,33.43478261,28.90274986,85.662125,2.468441404,-2.301791678,0.512958331,0.246245837,166.3600001,976.4389165,394.4966226
08/07/2023,NA,27.63458339,94.64675,3.266496802,-3.095041653,0.896583327,1.75861667,75.29329076,976.3829168,458.5592047
09/07/2023,NA,27.20341674,95.17766667,3.238975809,-2.757458311,0.986458353,0.940458323,79.96000013,975.8417511,400.6316662
10/07/2023,15.10714286,27.66100009,93.22283333,2.216649742,-1.560041663,0.517166665,0.946483322,141.2985003,975.6877518,355.0651226
11/07/2023,26.03472222,28.76275007,87.60008333,1.196659263,-0.8785,0.206208325,0.887616665,180.004499,975.6548386,313.6864999
12/07/2023,18.4673913,28.95145829,88.63583333,2.299241848,-2.088249999,0.097541664,0.407416669,148.040751,975.2270025,374.5449982
13/07/2023,NA,29.32541672,86.859375,2.341956551,-2.077416668,0.747708331,0.084595834,168.9259595,975.3986257,421.1202529
14/07/2023,NA,29.8518335,84.8925,2.067044424,-1.019041661,0.991291659,0.078379166,139.1148331,976.4511719,324.4135844
15/07/2023,NA,29.91591668,85.67633333,1.852243181,-0.439124995,1.574416662,0.481600004,181.3281256,975.8870417,327.5346673
16/07/2023,NA,29.85645827,87.43575,1.810771094,-0.199916647,1.22633334,0.136033333,198.6252484,975.9965363,337.9922951
17/07/2023,NA,30.30620845,87.08516667,1.461236212,-0.335125001,1.007541666,0.163304164,172.8808313,974.992953,275.2865028
18/07/2023,NA,29.48354157,88.59916667,2.641177512,-1.990333323,1.469624989,0.3947125,160.9162909,975.0167897,424.7361253
19/07/2023,NA,31.0714167,80.07116667,2.767106253,-2.633000016,0.738750001,0.025908334,230.6169985,974.932958,500.303998
20/07/2023,NA,32.60787495,76.10079167,1.679460629,-1.537791692,0.187624998,0.011425,262.8748318,974.6027527,431.1653764
21/07/2023,47.92708333,33.13987517,75.16308333,1.935464157,-1.231624993,0.154458336,0.073774999,234.4570032,976.2311656,475.0230446
22/07/2023,29.82291667,31.70104146,79.0005,4.004527557,-3.824374974,0.546708337,0.056195834,167.3333351,978.7963715,610.8304164
23/07/2023,19.76041667,32.16887482,74.345,3.582391084,-3.518666714,0.401291663,0.0319125,249.0755848,978.6732864,732.7757034
24/07/2023,25.35416667,31.75991646,78.05354167,3.192045527,-3.122083336,0.320708334,0.246220835,214.8489615,976.4984233,514.4652112
25/07/2023,42.08333333,30.96108317,81.80875,2.821051861,-2.438624988,0.916916675,0.273662495,176.7273759,976.7618307,366.4339555
26/07/2023,19.39473684,28.3650833,86.7865,2.255226604,-1.752375004,1.069791672,0.361087499,101.5607076,978.5469589,334.3785826
27/07/2023,34.55952381,29.39525008,85.913875,0.973271032,-0.233499998,0.430791665,0.750408326,148.8222898,977.4271291,249.8948748
28/07/2023,36.47619048,28.60295836,88.26970833,1.253950027,0.091166668,0.646166663,1.573554165,102.9836672,975.1188787,284.0429993
29/07/2023,NA,28.44516667,89.029,1.263597481,0.958041663,0.643541666,0.607412488,123.3096259,974.540919,303.408583
30/07/2023,22.72916667,29.86037501,84.414375,1.949587342,1.797958344,-0.691958333,0.152283332,203.7807056,973.837621,446.9355421
31/07/2023,49.02083333,31.05566645,80.979375,2.645175643,2.518208345,-0.471541671,0.0443625,243.3504157,973.2716293,499.7075396
01/08/2023,27.875,31.69999981,76.67454167,3.390410482,3.292375008,-0.441541661,0.0222125,252.998542,972.3625107,565.3126647
02/08/2023,26.16666667,30.69562507,80.979125,2.686877574,2.349874991,-0.270291661,0.195216667,204.6185427,973.0870412,451.856665
03/08/2023,26.5,30.9189167,80.83595833,2.675970051,2.433208336,-0.896583338,0.172808335,212.5792068,973.2597097,494.2653335
04/08/2023,29.69791667,29.84595823,85.695125,1.258048631,0.495083331,-0.156416667,0.191595831,152.9547919,975.4166667,318.3564568
05/08/2023,32.40217391,30.19679173,86.95429167,1.434434367,0.923833339,0.359458338,0.178170834,153.6162924,976.8590012,296.4665004
06/08/2023,32.57291667,30.69195835,79.40041667,3.564477667,3.461791654,-0.096041669,0.098233336,242.7482059,974.0956345,573.2069133
07/08/2023,27.66666667,30.79337517,72.326875,4.251844943,4.142833372,0.461083333,0.002970833,224.7399576,971.9010874,739.1635463
08/08/2023,27.95833333,30.60891676,73.86466667,4.763080345,4.565999975,0.5895,0.005366667,239.3644578,973.1028315,668.0032514
09/08/2023,32.83333333,30.79262495,73.70141667,3.473816228,3.213416668,0.095083335,0.012379167,217.2451253,976.7335866,533.281501
10/08/2023,33.40625,30.67558328,74.43583333,2.404802403,2.09374997,0.145541661,0.070908333,175.0022065,978.2602463,423.7947906
11/08/2023,36.875,31.1364584,72.10404167,2.726731783,2.408958333,-0.638708321,0.002483333,223.7637057,978.2116216,492.3069121
12/08/2023,29.79166667,31.69570828,66.42479167,3.476437845,3.333833357,0.467875004,1.21E-04,242.6051683,976.0399221,600.9437052
13/08/2023,26.875,30.91674987,70.92629167,4.030288556,2.933875018,1.750416649,0.011225,178.923625,974.1968308,593.2354533
14/08/2023,29.66666667,30.07416677,76.34770833,2.39900085,-1.154874985,1.756666673,0.039304167,123.88221,978.0425034,453.3190835
15/08/2023,45.70833333,30.27858345,80.50408333,1.271328004,0.127124996,0.178249993,0.032925,222.4555002,978.680954,359.5185865
16/08/2023,48.83333333,31.40929151,75.82858333,1.991600408,1.725958325,-0.730750003,0.003741667,249.3110819,978.0463359,408.5357848
17/08/2023,42.66666667,31.93579181,69.33379167,3.020217021,2.857416692,-0.349624998,0.001766667,253.3015,977.4532089,541.4668339
18/08/2023,42.33333333,31.84362467,74.17391667,1.867708402,0.588708342,-0.834208336,0.00705,252.4125828,977.3444163,452.1682931
19/08/2023,38.55,30.24141661,85.31508333,1.961394711,-1.644083338,0.581916661,0.34497083,181.3207501,977.8093338,429.1942835
20/08/2023,NA,31.53629176,78.92554167,2.328941361,-2.001583328,0.853249998,0.024045834,238.0785405,978.3577474,530.7629973
21/08/2023,NA,32.31066664,77.22091667,1.524091584,-0.835000001,0.996541674,0.034241667,228.5955008,977.1640829,488.5152486
22/08/2023,34.63541667,30.83824992,86.482,1.884472345,-0.813166651,0.675541671,0.380674995,147.6318335,975.0901286,394.3404973
23/08/2023,20.1875,27.84304166,93.49045833,2.398727679,-0.061208331,1.590999996,0.431195834,71.16220779,974.7488378,322.0409578
24/08/2023,28.26041667,29.2307082,82.88654167,1.987965888,1.03816666,0.547416669,0.0105125,201.4740856,973.9641647,384.2536235
25/08/2023,33.57291667,30.92916687,67.52545833,3.546140571,3.306500008,0.57420833,2.00E-04,241.5162906,973.9948374,690.1083336
26/08/2023,43.96527778,30.98645854,65.81920833,3.25344318,3.170624996,-0.102375006,0.001091667,242.9259563,975.7521261,606.6692869
27/08/2023,50.6875,31.16666699,62.610625,3.543209891,3.48029169,-0.228333331,2.08E-05,254.4355824,975.6558711,674.690333
28/08/2023,46.90277778,31.04399999,65.34491667,3.366506509,3.159625011,-0.366916656,0.011329167,253.0822086,975.6472931,674.5590391
29/08/2023,42.47916667,31.46666686,65.54766667,2.618869681,2.480874988,-0.334958331,2.17E-04,264.6488321,977.8157578,568.2332189
30/08/2023,50.69097222,31.67525005,69.45241667,2.404098345,1.508791676,-1.408416665,5.17E-04,250.3829593,979.6110865,511.9566697
31/08/2023,48.19791667,31.84449999,70.35654167,2.05344746,1.112208335,-1.121625005,0,239.5170823,980.2560018,506.3283344
01/09/2023,43.39583333,32.34050028,65.88454167,2.606531598,2.241666645,-0.948250003,0,255.8829567,979.9513397,663.5056217
02/09/2023,40.79166667,31.83220847,61.96270833,3.485535901,2.957249992,-1.313833341,0,270.1036653,978.7187882,687.1420787
03/09/2023,42.25,31.36887511,60.74125,3.113569659,2.65420835,-1.044916675,0,269.7414592,977.6939952,532.6645411
04/09/2023,38.625,31.28570835,60.5395,2.710721001,1.684333335,-1.501916668,0,268.6747434,977.1731644,509.4465461
05/09/2023,36.05208333,31.250875,73.51383333,1.773252736,-1.228333333,-0.578999991,0.043812501,245.1481676,978.0742518,424.0185021
06/09/2023,43.69097222,31.06345828,72.410875,1.788374913,-1.113958329,0.823791667,4.75E-04,252.7132879,979.239713,312.5995819
07/09/2023,39.70833333,31.70912488,68.824,1.191083335,0.572208333,0.709666673,0.002958333,248.1540804,978.7107925,451.3698743
08/09/2023,24.10416667,30.5312918,73.407125,2.480469602,-1.878666664,0.825083338,0.023825,213.6369994,978.7616247,520.8352942
09/09/2023,9.6375,27.59366655,87.58775,3.111830424,-2.835666657,-0.470291669,0.747645836,83.01333482,978.4150798,550.4142494
10/09/2023,5.175,26.16970849,92.96004167,3.789086625,-3.208166659,-1.802499995,0.863312503,75.22812524,976.3650437,405.9307912
11/09/2023,14.95833333,27.88916644,87.049875,2.228289089,-2.015249998,-0.548625004,0.243416658,175.0977475,976.7476679,398.468504
12/09/2023,28.11458333,29.60437504,82.35383333,1.329011052,-0.73220834,0.255666667,0.008204167,222.2236648,976.9519145,320.2485043
13/09/2023,40.3125,30.93154184,81.5255,1.507675615,-1.035250007,0.444208321,0.096358333,196.9318358,977.0886637,369.5396231
14/09/2023,56.30208333,31.57233326,81.69216667,1.887205807,-1.651416662,0.501125001,0.153125,181.1178765,978.122083,404.7910843
15/09/2023,24.9673913,29.19545841,86.944625,2.023429989,-1.562583342,0.566708334,0.201445839,164.0089154,979.4959641,247.1749551
16/09/2023,16.72916667,29.08662494,85.257,3.560332313,-3.459166681,-0.29929167,0.204208332,175.9303786,978.9683711,510.8585834
17/09/2023,14.04166667,27.87258323,90.09816667,4.543322873,-4.429041723,0.380374994,0.201791669,144.5517922,977.2550837,682.569912
18/09/2023,20.69565217,28.82533336,81.615375,3.809487547,-3.235583365,1.834083341,0.0678625,197.897835,978.1796239,617.6478328
19/09/2023,27.70833333,30.21475005,78.18429167,2.133294433,-1.473791679,1.218124987,0.013279167,220.3844599,980.3519618,400.6791655
20/09/2023,34.6875,30.89870834,75.999375,1.555494533,-0.399250004,0.059208337,0.032545834,215.1785011,980.5695826,470.2635353
21/09/2023,43.02651515,31.31283323,75.33558333,1.35209857,0.361333331,-0.059500005,0.005658333,214.9807503,979.7743301,442.6672009
22/09/2023,40.73263889,30.62654161,75.44875,1.434969478,0.035791665,-0.841291665,0.0138375,218.9740423,979.9817886,368.1493788
23/09/2023,36.94097222,28.41887506,86.91170833,1.578939239,-0.623791647,-0.097125008,0.310333329,185.8214163,980.9161301,283.5493728
24/09/2023,41.79861111,28.24829173,83.51879167,1.571047516,0.406583315,-0.472625006,0.032916667,206.0555857,980.7019628,348.9760018
25/09/2023,42.20138889,29.34362491,77.46033333,1.422746624,-0.632333323,-0.266083328,0.010429167,221.4407901,980.7976659,392.6971614
26/09/2023,56.21875,29.93870847,78.34854167,1.540865812,0.029249995,-0.543916667,0.013766667,215.8451673,981.8950882,395.554166
27/09/2023,40.10763889,29.0416251,71.56279167,2.36074266,1.359000015,-1.905833339,0,240.3370816,981.7555822,457.4945386
28/09/2023,43.70833333,28.03670859,69.9145,2.235306364,1.365500013,-1.687124992,0,246.3777886,981.3305766,387.7531638
29/09/2023,50.95833333,28.27662492,69.53875,1.830407181,0.528166664,-1.644916678,0,244.1354603,981.1404572,398.9292944
30/09/2023,59,29.10112524,67.05445833,2.406988752,1.09720833,-2.06720834,0,237.2533306,980.9136302,444.886789
01/10/2023,50.125,28.26849993,62.37745833,2.458860981,1.109166662,-2.158749988,0,240.6526238,980.5021668,435.6105007
02/10/2023,51.16666667,27.28237518,54.1815,2.780348164,1.180374999,-2.474499991,0,243.8785025,981.3969981,462.8268354
03/10/2023,55.91666667,26.8889583,49.89858333,3.273248792,2.252083334,-2.126124978,0,245.1170376,982.0475006,528.1668324
04/10/2023,58.75,27.19824998,61.882375,2.931886178,1.833083332,-2.219625001,0,240.0576696,982.1106669,493.0660408
05/10/2023,69.36805556,27.1137499,61.99258333,2.779697971,1.859000006,-1.910999991,0,240.5695841,981.4735031,401.4546225
06/10/2023,89.15909091,27.37591632,62.288875,2.46410919,0.720375018,-0.878875015,0,239.6037081,980.4727046,366.5581671
07/10/2023,103.6979167,28.36358349,68.77020833,2.029151146,0.478750001,0.010541661,0,230.1859553,981.7045797,389.389082
08/10/2023,72.16666667,29.81733322,64.79166667,2.327219393,1.619708337,-0.414708332,0,225.0985479,982.096789,494.9224125
09/10/2023,87.47916667,30.13666654,60.856875,2.386271026,1.144333337,-0.184208338,0,214.9155829,982.8152898,573.7648411
10/10/2023,75.26041667,28.9705414,61.614875,2.093617761,1.095041665,-0.744999998,0,194.8918774,983.8830795,456.4355891
11/10/2023,78.75,27.26108336,63.66445833,2.522553058,1.647541679,-1.732749984,0,230.1659545,984.8740845,527.6904086
12/10/2023,125.5416667,26.33600004,61.69395833,2.275747668,0.935000008,-1.430708345,0,230.2266264,986.2747904,420.2816729
13/10/2023,144.7083333,27.41491659,64.68958333,1.765007673,0.4565,-0.464833343,0,220.8037505,986.7667898,572.9334506
14/10/2023,109.875,28.30474989,64.12925,2.055156012,0.084999996,-0.434500013,0,205.839248,986.0245794,611.4639176
15/10/2023,72.76041667,27.53579156,63.35408333,1.748347651,0.15629167,-0.871541658,0.055608332,205.6081692,984.267629,484.3197038
16/10/2023,53.58333333,24.75225004,71.991125,3.095533944,-2.666000007,2.08E-04,0.015954167,178.4444153,985.6068319,374.5445798
17/10/2023,25.61956522,22.52637506,78.324375,1.613297812,-0.327916669,-0.601499997,0.089766668,169.0237938,989.3334961,292.3624149
18/10/2023,39.21875,23.73020832,69.55883333,2.657082685,1.932833329,-1.766666661,0,212.3822924,989.4504522,438.9138762
19/10/2023,46.05208333,23.27829186,65.73529167,2.332002646,1.743208331,-1.481874997,0,216.7555799,989.1196772,423.4002939
20/10/2023,91.0625,23.44679157,69.02554167,1.826894782,1.04679166,-1.40245833,0,214.5963746,989.5506287,401.3237051
21/10/2023,122.8958333,23.74679136,69.92225,1.694778654,0.462583345,-1.303416661,0,213.5829567,989.9163793,459.0723373
22/10/2023,134.84375,24.01458335,68.978625,1.644598762,0.085166669,-1.413833335,0.002345833,196.245959,990.3952967,396.0600449
23/10/2023,112.4166667,23.85204172,71.44491667,2.084957133,1.494124991,-1.36770834,0,208.6607489,988.8700002,426.4840402
24/10/2023,90.16666667,24.04445831,67.99520833,1.976089567,1.216374998,-1.502833355,0,204.3259153,988.0872142,449.4343789
25/10/2023,111.90625,24.1953334,66.82966667,2.267815415,1.631416663,-1.529083312,0,205.4384586,988.805041,449.4307079
26/10/2023,90.45138889,23.93645835,62.92891667,2.474828518,1.947541664,-1.455083326,0,210.4339992,988.451299,422.6436233
27/10/2023,121,23.41791654,59.31354167,2.283629325,1.586875002,-1.506916653,0,212.2785443,987.7594605,409.8632021
28/10/2023,157.5625,24.3324999,59.85766667,1.470923361,0.218541669,-0.589708336,0,188.3162908,988.1189524,360.4149149
29/10/2023,175.2916667,24.14162485,67.42704167,1.370042057,-0.535583347,-0.143958335,0,200.495502,988.1615804,371.3333341
30/10/2023,135.7604167,24.57899992,69.69733333,1.741663028,-1.272291671,-0.462791663,0,193.8022092,988.7212092,439.9642942
31/10/2023,176.5978261,24.73975007,70.71566667,1.251173954,-1.087375002,0.130291663,0.004929167,189.3851657,990.1098735,422.7052505
01/11/2023,155.8020833,24.46604188,71.514375,1.554699825,-1.232916671,-0.475874995,0,193.1925849,990.6099548,416.2310428
02/11/2023,270.6458333,23.80212506,73.42033333,1.636818225,0.692541667,-1.125833321,0,191.6940855,988.9751155,436.8726269
03/11/2023,237.96875,23.29041664,74.46075,1.84610562,1.157375004,-1.31279165,0.005583333,184.9311276,986.6124624,394.2312434
04/11/2023,239.2916667,23.35941664,75.01479167,1.982531791,0.953000001,-1.537249988,0.003616667,186.9295818,986.8534648,444.0288772
05/11/2023,247.8229167,22.62637504,71.68075,1.865786011,0.575708341,-1.230041672,0,195.5555437,988.3747482,376.7610456
06/11/2023,180.4394928,22.61341667,66.39141667,1.18593834,-0.786250006,-0.247541672,0,194.6880833,990.0404205,347.9236202
07/11/2023,152.9204861,22.98649995,65.9225,1.321440605,0.006916659,-0.426041665,0,189.4407117,989.1235021,303.0597907
08/11/2023,202.1847222,22.69700011,69.83958333,2.129483956,1.245083327,-1.672666661,0,184.5977894,988.0835419,339.6723325
09/11/2023,380.6145833,22.61391672,68.69895833,1.494778221,0.470958321,-0.59879166,0.001391667,178.7444593,988.1253713,415.6692888
10/11/2023,113.15625,21.04316664,78.42145833,2.580510947,-1.648624993,-0.759958338,0.055629167,138.5732934,990.2808355,289.5373746
11/11/2023,72.55208333,20.143375,75.62275,2.324280095,1.052875,-1.872583327,0,179.2829127,991.9446284,433.7683342
12/11/2023,107.8472222,20.10654179,73.449625,2.32746222,1.90229168,-1.31516666,0,186.5563326,992.1322556,333.1775376
13/11/2023,282.1006944,19.57420838,74.04966667,1.669724703,0.683583335,-1.455708335,0,184.5044204,992.1254959,300.500002
14/11/2023,229.78125,19.44695826,68.78966667,1.909841654,1.009708331,-1.488625024,0,159.3489151,991.6447932,294.8309131
15/11/2023,282.2159091,19.1459165,72.58695833,1.731588136,1.265749997,-1.106666674,0,184.7615012,991.3091227,298.1281273
16/11/2023,328.9375,19.95129168,73.827125,1.422043457,-0.220041675,-0.674749999,0,180.1659145,992.1514181,352.3298738
17/11/2023,211.6180556,21.29641684,70.47933333,1.075974028,-0.268791661,-0.536416664,0,173.0199616,991.9780019,437.4660809
18/11/2023,200.71875,20.46758338,74.22025,1.32529084,0.470333332,0.526833328,0,170.8488763,990.2892888,387.4016214
19/11/2023,210.75,19.87462501,72.43316667,1.604365807,-0.605541661,0.629916669,0,160.9540427,991.2726288,431.0844956
20/11/2023,210.21875,19.40520847,74.06104167,1.456074609,0.931625012,-0.744750001,0,175.3918321,991.4666316,371.1207071
21/11/2023,270.9791667,19.2725,69.15608333,2.685969045,2.265166665,-1.388583327,0,176.708875,990.4042918,391.5880857
22/11/2023,277.3090278,18.1288749,66.91945833,2.775688674,2.551374997,-0.987749995,0,177.6430005,988.405337,297.0757033
23/11/2023,301.7604167,17.67433337,74.44558333,1.607607379,-0.397958334,0.30516666,0,175.7637088,988.2452062,268.0382096
24/11/2023,329.5652174,18.25641668,73.72729167,1.318833175,-0.023916675,-0.663000005,0,173.9155427,990.1185862,278.439168
25/11/2023,310.3541667,18.21666662,72.72858333,1.592700876,0.435999998,-0.448125007,0,158.5673745,991.2200445,243.8149609
26/11/2023,262.9479167,18.90874994,74.27970833,1.993501421,-1.716416667,0.582791672,0,146.7615001,991.9921748,266.3201711
27/11/2023,243.9791667,18.75033327,79.0365,2.486986229,-1.920666683,0.99125,0.063079166,66.1917919,989.7163696,281.7434127
28/11/2023,133.9166667,18.10145839,85.971625,1.464380252,-0.808708324,-0.71470833,0.156349998,87.86299897,989.4140803,217.554751
29/11/2023,179.7765152,18.45962513,86.66083333,1.794053028,-1.528833335,-0.059916666,0.01745,148.8184995,989.6617508,307.7482456
30/11/2023,228.8645833,18.71658329,88.24170833,1.761245649,-1.195458333,-0.436666668,0.093183334,132.3962919,990.5882136,298.4203278
01/12/2023,189.9444444,19.15729165,85.58866667,1.660410607,0.602083331,-1.310749995,0.003933333,146.9807498,991.0355454,278.4487879
02/12/2023,146.4479167,18.56875006,82.25341667,1.804011888,0.871916665,-1.494291656,0.0014875,150.2302932,991.4761327,298.8349963
03/12/2023,167.8863636,18.20524999,79.39295833,1.743615981,0.265416664,-1.616333341,0.009541667,159.2200395,991.7815374,230.9815436
04/12/2023,160.7083333,18.55154169,78.54016667,1.622923766,-0.416500004,-1.356708335,0.002425,136.3244178,990.6865031,263.001917
05/12/2023,140.0625,17.47595843,77.84741667,2.101918128,0.652041666,-1.683708325,0,163.1022101,989.9389165,308.3014575
06/12/2023,157.6145833,17.22733331,75.48466667,1.544692677,0.994958336,-1.06741667,0,167.2326261,990.5313721,225.2708776
07/12/2023,219.0833333,17.39870822,76.70125,1.899081721,1.415583332,-1.164791676,0,161.6733329,989.8567505,227.1215825
08/12/2023,209.1319444,16.64362494,75.97733333,2.340318936,1.88304166,-1.315958341,0,164.7103753,989.4551264,278.2517484
09/12/2023,184.0625,16.06224998,74.40229167,2.542269108,2.104416673,-1.328208337,0,167.0851649,990.3135834,244.3872512
10/12/2023,160.7118056,15.80141655,72.25354167,3.105505522,2.82737496,-1.190083334,0,166.9022492,988.5815786,311.5347495
11/12/2023,184.5034722,15.14879171,74.53416667,1.650402444,0.395416661,-0.458416662,0,165.677792,989.404541,245.8785416
12/12/2023,247.15625,15.24133321,78.81541667,1.824882639,-1.601958342,0.321708328,0,160.2436675,988.5949148,304.8018804
13/12/2023,253.4791667,15.91312516,75.80716667,1.633268984,0.274749991,-1.15933333,0,162.5014183,990.3474172,284.7782109
14/12/2023,186.4375,14.71533314,71.63775,2.694633664,2.366666675,-1.076874999,0,164.1792488,991.2436676,236.2682521
15/12/2023,212.2291667,14.31516665,75.40891667,2.076609839,1.219458334,-1.51449999,0,163.8400005,992.4859161,214.7319136
16/12/2023,253.96875,14.32662503,73.68691667,2.29155457,1.309333326,-1.653916658,0,160.6837096,991.1801224,269.2993754
17/12/2023,224.0625,14.82208331,74.56566667,2.334754624,0.813958336,-1.388125016,0,161.986621,992.020373,331.1198254
18/12/2023,141.6527778,14.51850009,72.78608333,3.319987917,2.775458361,-1.747624996,0,165.2103332,993.5476252,355.2270022
19/12/2023,139.9583333,14.49225004,67.67683333,3.2005149,2.910833329,-1.291749994,0,167.4133344,993.6736298,297.6344147
20/12/2023,174.7708333,13.82316653,72.95216667,2.444552236,1.922041654,-1.388416668,0,161.5326226,993.4011663,245.1742062
21/12/2023,258.6840278,14.00408316,76.29254167,2.203136864,1.515249992,-1.565875004,0,157.8014586,991.7521667,205.0274589
22/12/2023,318.1875,14.10241658,77.69133333,1.585090415,0.469166664,-1.241291669,0,162.6844997,991.4530029,193.2330445
23/12/2023,300.9791667,15.70154158,77.72654167,1.847338846,-1.453416657,0.393958333,0.01085,155.7629581,993.4012477,252.4571247
24/12/2023,250.25,15.38108321,78.36991667,1.506236478,0.340375,-1.183791657,0,161.4741289,994.9397507,203.3518356
25/12/2023,197.6354167,15.24500004,80.299875,2.187785484,1.668916665,-1.342208328,0,161.7592909,993.1756668,195.0717499
26/12/2023,216.40625,14.94800003,77.49283333,1.848755165,0.747416669,-1.354583345,0,155.522251,992.7923813,189.0157489
27/12/2023,197.8715278,14.01520844,83.96179167,1.706651204,0.331875,-1.536291654,0,162.945083,994.1630834,213.6307913
28/12/2023,133.78125,12.87170839,90.30404167,1.679153147,0.628250009,-1.276374998,0,137.5607497,993.0748698,149.8981255
29/12/2023,207.1666667,12.18549995,92.68033333,1.11085997,-0.337083333,-0.524208337,0.002591667,94.14441553,993.7731323,154.1435839
30/12/2023,180.7916667,12.0987916,91.85016667,1.08086586,0.143291658,-0.784708333,6.79E-04,102.6067084,992.6737925,157.0997067
31/12/2023,149.3993056,11.63591659,89.03875,1.102584764,-0.333624996,-0.626708333,1.67E-04,121.745915,992.5335821,206.5525397
01/01/2024,155.59375,10.57024999,87.27425,1.38743001,0.776208348,-1.008500003,0,151.7882084,992.5194601,204.3780414
02/01/2024,149,9.406750043,90.46025,1.482282363,0.846458326,-1.110458327,0,133.6852099,991.9248301,175.3520822
03/01/2024,168.46875,9.567625026,90.4235,1.381578122,0.427000002,-0.63783334,0,130.6407515,991.5775375,222.817962
04/01/2024,175.4166667,11.13229159,88.3725,1.762700865,1.014208339,-1.192166664,0.0034625,107.2622097,991.8076655,228.3640808
05/01/2024,118.3716667,12.30874999,89.48054167,1.476177169,0.741374997,-1.058458327,0.004458333,92.73779362,991.8369598,250.6295805
06/01/2024,173.8541667,12.38966668,84.60416667,1.53384433,-0.197624998,-0.549541668,0.001075,140.6415417,993.3001658,332.0883334
07/01/2024,152.1875,11.17979177,84.742625,1.436614324,0.172500009,0.729666663,2.08E-05,152.3592079,993.9230423,214.3536222
08/01/2024,164.54875,10.83487503,87.93920833,1.45211577,0.562166667,-1.05462499,0,151.8340822,993.9367956,201.0722091
09/01/2024,95.23958333,11.43387512,88.12583333,2.453443731,1.496541675,-1.756041662,0,161.1711235,993.8914134,273.3822891
10/01/2024,124.0520833,10.13062507,84.82841667,3.076672268,2.684708337,-1.483208338,0,173.2140409,992.5563761,241.4956668
11/01/2024,165.8014286,10.17645826,85.18416667,2.570411058,2.109500011,-1.382666667,2.08E-05,158.827378,992.9498317,211.9511283
12/01/2024,153.2604167,9.95966665,84.03129167,2.587961028,1.991125019,-1.320458331,0,177.5687923,991.9947535,216.8532484
13/01/2024,230.40625,10.15495831,86.38433333,1.551795254,0.699041663,-1.041874994,2.38E-04,126.2599989,991.2852122,114.9567498
14/01/2024,201.59375,9.172583441,84.608875,2.002819354,1.219000005,-1.528541659,2.08E-05,164.5614175,991.348292,141.9102095
15/01/2024,143.2717391,8.607916633,85.22958333,1.896612015,0.798958326,-1.35041667,0,152.2259587,990.883255,149.5140425
16/01/2024,217.7916667,8.484750032,87.50216667,1.516644012,-1.154375004,0.158500002,4.79E-04,163.1414992,989.0009181,167.61175
17/01/2024,248.0104167,9.338958364,87.048,2.448134858,-1.777958326,1.649000016,0,172.7148742,988.9917908,211.9744193
18/01/2024,164.6458333,10.48387502,88.41858333,1.378395355,0.117583339,1.13304167,2.08E-05,167.6281273,991.0541687,183.0416238
19/01/2024,174.5241667,9.660333375,90.15991667,1.679672754,-0.176333342,1.020833335,0,154.4540434,992.7251231,204.442541
20/01/2024,169.6666667,10.38116664,85.27241667,1.442455865,0.674250001,-0.397541668,0.0019875,157.9792476,993.0002518,217.6756663
21/01/2024,147.375,9.331249952,86.9215,2.68970781,2.053624988,-1.670708336,0,184.4177897,992.4247869,234.8682092
22/01/2024,189.4270833,9.480374992,85.72645833,1.438985837,0.239541665,-0.555041668,0,170.0125843,993.2929153,202.5572108
23/01/2024,199.84375,10.25804168,86.7685,1.620692554,-0.568208323,-0.40670834,2.08E-05,169.2896266,992.3137945,166.2946656
24/01/2024,185.1145833,11.25725003,86.33208333,1.635509278,0.579416671,-1.423500001,4.96E-04,174.5740429,992.3173396,241.9587932
25/01/2024,114.2291667,10.37770834,87.08091667,1.48398445,0.407708334,-1.158541659,0,168.9052077,994.3760401,183.514544
26/01/2024,161.3854167,11.68295829,82.58833333,1.264876094,0.655708334,-0.565583331,0,181.8637523,994.9343694,200.9529571
27/01/2024,143.2083333,13.11745826,72.99054167,3.196320938,2.95562502,-0.923583328,0,189.6532891,993.182752,233.4452907
28/01/2024,203.7083333,12.39366674,84.00120833,2.081388487,-1.259583327,-0.079750001,0,144.3251246,991.985082,176.7860009
29/01/2024,209.03125,14.39270842,83.24970833,1.948649925,-1.01562499,-0.012166667,0,185.2645011,991.698878,248.3807483
30/01/2024,133.42375,14.06616668,86.98916667,1.412063098,0.774291672,-1.097999995,0,184.9911673,990.9144999,205.8882078
31/01/2024,157.8645833,13.9305416,92.663375,2.03258214,-1.258458331,0.730499985,0.434895832,111.7510831,989.7886709,233.3235413
01/02/2024,59.95833333,15.62241666,92.34866667,4.075088881,-3.379875004,1.917666666,0.267887496,124.3229981,989.7817917,472.9248759
02/02/2024,78.89772727,13.86170832,86.84808333,2.659308704,1.486833345,-1.414833335,9.17E-04,173.7407536,992.9545008,289.5592914
03/02/2024,86.95833333,14.82462502,70.386875,2.384289634,1.700583328,-1.395625016,0.002166667,184.2311663,991.5434113,197.405334
04/02/2024,98.6875,16.29762503,87.51529167,2.243224882,-1.096374981,1.35429165,0.466991657,99.95187638,990.4207891,247.362876
05/02/2024,71.875,15.97291668,83.49533333,2.024022311,0.694666663,-1.123166663,0.037779167,159.1192496,991.4953766,386.079002
06/02/2024,58.34375,13.2919999,76.014375,2.832580954,2.042749996,-1.909208318,0,207.0829573,993.3801651,362.4648709
07/02/2024,57.27083333,13.48579176,68.000625,3.758174276,2.995625014,-2.196000005,0,206.099253,993.9675878,412.373669
08/02/2024,62.58333333,14.32487496,60.94466667,5.113756324,4.725458314,-1.924791664,0,214.7540839,992.1615804,507.6832047
09/02/2024,67.46875,14.47625005,68.09425,2.635609714,1.556124998,-1.234999994,0,212.9763297,992.7452927,320.6664628
10/02/2024,136.8125,14.97316674,71.33083333,1.881860398,-0.286041661,-1.527250003,0,214.0829185,995.1472905,288.1759146
11/02/2024,124.7291667,15.08879177,75.847375,2.056057842,1.330583331,-1.517374982,0,213.9614573,994.4178772,274.1502531
12/02/2024,121.82625,15.3570834,77.09933333,1.54790211,0.585125004,-1.101749995,0,189.2281275,993.5379537,304.3294198
13/02/2024,183.0416667,16.19870834,75.567,1.538012468,0.354500003,-1.345208334,0,190.7141245,992.7101695,320.9126625
14/02/2024,134.15625,16.6537499,75.50479167,2.24547093,1.590083323,-1.516499979,0,213.2607087,992.3629557,321.0724173
15/02/2024,103.40625,16.75337521,73.94370833,2.379144778,1.78579167,-1.53670834,0,219.0532906,993.3284989,264.428579
16/02/2024,96.5,16.26637522,68.97570833,2.415453309,1.797249998,-1.562000021,0,224.5326238,993.5436681,263.6580016
17/02/2024,97.22583333,16.10745819,66.46354167,2.906038672,2.518874968,-1.200416657,0,224.2599186,989.2172928,290.660082
18/02/2024,114.6458333,18.42987502,67.64075,2.293293741,-0.834083324,1.238291665,0,214.6489158,986.5562083,238.3226271
19/02/2024,80.03125,20.28299975,67.82491667,5.286967518,-4.298583319,2.98058333,0.0156,207.6125411,984.6886648,484.2042923
20/02/2024,85.04166667,20.51270819,72.331875,2.73199453,-1.977583326,0.74458333,0.008166667,176.7629141,984.2763774,417.9993783
21/02/2024,66.14583333,19.03983347,71.028875,2.389679858,1.145958337,-1.769083339,0.002045833,227.6793353,984.5696259,372.7466199
22/02/2024,54.42708333,17.61849995,63.93045833,2.689260306,1.52800002,-1.889666634,0.004729167,222.2844159,987.2261734,497.3332586
23/02/2024,45.96875,16.08462508,56.89616667,2.642973898,1.926375004,-1.666666667,0,237.2318339,989.8804525,453.5697084
24/02/2024,64.0625,16.4783752,57.651125,1.82669075,-0.158083328,-0.441999997,0.013808333,209.6726251,990.168251,474.7661213
25/02/2024,59.78125,16.81670833,57.05704167,2.077439793,-0.84608333,-1.504958331,0,232.5474539,992.2364604,594.9929675
26/02/2024,67.95833333,17.74612502,55.89558333,2.018716306,0.015541662,-1.757000005,0,199.7859597,992.1295878,328.790667
27/02/2024,54.02083333,17.811125,58.60654167,2.741638423,1.149499992,-2.284083332,0.0204625,208.1325819,991.8242874,400.8269631
28/02/2024,39.5625,17.6978333,63.692125,3.388840377,2.781124989,-1.877833322,0,239.4925813,989.9569626,478.8607496
29/02/2024,42.8125,18.72987505,62.57683333,2.922465947,2.422750026,-1.570666683,0,242.9126223,988.8269196,380.4776649
01/03/2024,80.17708333,20.08000008,64.23029167,2.122753078,-1.137458322,-0.131875021,0.036058333,200.2926263,987.8553365,267.4839607
02/03/2024,23.91666667,19.86970838,81.02675,5.298513688,-3.569041645,3.683291649,1.599750012,179.1318341,985.3842926,599.1458327
03/03/2024,35,18.80145844,72.34091667,2.262339786,-0.537041672,0.617374983,0.327566666,189.8837095,986.0538788,438.1615413
04/03/2024,32.09375,16.25629159,65.71025,2.518663956,0.668458326,-2.134208337,1.25E-04,246.9281269,990.2515793,541.8287888
05/03/2024,35.04166667,15.36300015,60.5855,3.143184098,2.189791665,-2.086833328,7.92E-05,253.9815413,991.2333679,393.2403745
06/03/2024,44.65625,16.04499992,60.613375,2.727171192,2.176916672,-1.55491668,5.38E-04,236.0221702,989.3797124,337.1694608
07/03/2024,62.21875,17.57083313,62.94795833,2.46639381,1.470708321,-1.862583327,0,252.2600005,988.9481684,327.5490854
08/03/2024,45.22916667,18.20908336,63.89291667,2.797519149,1.377166659,-2.251666677,0,257.0110827,989.6356684,503.4443755
09/03/2024,NA,18.35337496,60.466375,3.350189845,2.637958313,-1.880416654,0,262.2570415,989.5068792,423.8544529
10/03/2024,NA,19.88887497,58.4035,2.323135633,1.15375003,-0.874041666,4.58E-04,248.8118745,989.1581701,297.1339979
11/03/2024,85.90625,22.25845838,59.49995833,1.997956004,-0.60095833,-0.334208353,0.00765,255.4748351,990.1685003,397.9841244
12/03/2024,88.72916667,21.25608317,64.937875,2.488999685,1.02979167,-2.01874998,0,243.3755019,988.4183782,380.6719166
13/03/2024,88.39583333,21.19766657,68.71108333,2.295457918,0.352625005,-1.106291688,0.003933333,233.7147927,986.116745,447.1423361
14/03/2024,84.375,21.63029174,61.64766667,2.419234144,0.682791675,-1.86029168,0,248.1037116,988.4755427,575.3498785
15/03/2024,40.76041667,20.32912489,55.432125,3.403769912,2.784916659,-1.868999988,0,274.3644584,988.0412064,440.9039966
16/03/2024,79.1875,19.97208333,57.73025,2.270317667,1.416708326,-1.611125002,0,270.2563319,989.5874939,373.253998
17/03/2024,89.02083333,20.61158343,60.13883333,2.24678005,1.589333345,-1.489333339,0,260.9133733,989.1588364,356.4135846
18/03/2024,72.35,21.40529172,58.7945,2.172696605,1.675416652,-1.200541659,0,276.4829594,987.5134481,403.0081207
19/03/2024,128.3854167,21.5250835,60.306,2.191161892,1.219958334,-1.536541664,0,274.9592482,987.0616277,430.1964193
20/03/2024,87.9375,22.72349993,61.51925,2.275681367,1.341083322,-1.640583331,0,277.1384982,987.0998739,427.1986254
21/03/2024,85.33333333,22.07920853,71.87954167,3.262773737,-2.734916647,0.945000008,0,263.358497,987.2455012,435.0900436
22/03/2024,97.94791667,24.14391685,67.66095833,2.39118906,-1.375708328,0.025916662,0,271.021496,983.8681641,396.0141204
23/03/2024,85.54166667,25.02595806,62.17945833,2.888216387,2.02395833,-1.947541681,0,277.7237065,982.5815837,514.0327096
24/03/2024,86.30208333,23.11808332,62.836125,3.519027478,0.619583332,-2.596583338,4.75E-04,206.9859192,984.9289551,330.7934554
25/03/2024,80.04166667,24.48749995,61.67525,2.875688968,2.218124986,-1.787749983,0,278.52229,986.4200033,572.0164634
26/03/2024,61.77083333,25.59591635,58.54875,2.779378952,1.868874986,-1.509291672,0,265.359999,985.3434194,479.4485425
27/03/2024,66.98958333,27.31216637,58.74383333,1.846375551,0.430958335,-1.536583333,0,272.1095831,986.9648285,508.90296
28/03/2024,60.875,28.03491664,57.037875,2.24912479,1.388208331,-1.521083338,0,248.1445006,984.3932063,338.9150421
29/03/2024,84.16666667,27.75054153,61.6265,1.8173778,-0.604874988,-0.495416672,2.38E-04,264.6236658,983.5468267,253.7361646
30/03/2024,88.85416667,27.97637494,62.03625,2.84116377,-2.224416676,-0.744458335,0.066599999,267.0244563,983.8930867,451.2604572
31/03/2024,71.72916667,27.39645839,61.15354167,3.166399238,1.79095834,-1.735166676,0,280.7510392,985.0454534,767.4213824
01/04/2024,45.84375,24.93708332,52.42945833,3.624373968,2.748000011,-2.087041669,0,270.6022921,983.3467458,635.2198756
02/04/2024,63.625,24.80870843,46.40170833,3.120844385,2.045458312,-2.163458318,0,288.251914,982.022082,574.2078751
03/04/2024,68.78125,26.81570824,44.50279167,1.952773665,-0.322166657,-1.433624998,0,270.6207511,982.7451706,427.0469639
04/04/2024,45.48958333,28.26662493,42.819625,2.492201324,0.719541671,-2.145874992,0.002008333,275.6451642,982.6659088,861.6992083
05/04/2024,55.55208333,27.78908324,41.26291667,3.426482282,2.313541692,-2.216958332,1.38E-04,251.0377094,982.3046239,850.9877052
06/04/2024,73.72916667,26.95191669,37.92758333,2.971850956,1.957833335,-2.165083321,0,301.2792056,982.3953374,811.6346578
07/04/2024,83.01041667,26.80345853,36.41733333,2.783318162,1.967166677,-1.882874998,0,305.8148736,982.3593699,784.0653786
08/04/2024,92.57291667,27.3543752,37.29695833,2.702375787,1.483750014,-1.863541675,0,297.3622077,983.3345311,932.7842002
09/04/2024,77.47916667,27.53733325,38.132625,1.955690118,0.502208335,-1.550958326,0,270.7658774,983.9742533,705.3707942
10/04/2024,107.40625,28.69545849,36.07079167,2.008202747,-1.336958318,-1.148291657,0.0052875,301.6607542,984.002622,424.8946683
11/04/2024,84.61458333,28.46262527,37.102625,2.284546825,-1.125458347,-1.197125007,8.75E-04,296.0992911,984.9670029,671.7056605
12/04/2024,97.53125,29.25479142,38.53045833,2.510158802,-2.138249981,-0.235666666,0,297.0622929,984.212204,914.3604275
13/04/2024,62.625,29.14829175,42.16345833,2.103372725,-0.467624998,0.189791677,0,274.3243791,983.8592987,630.7474932
14/04/2024,57.82291667,27.37012513,52.12,3.343216477,-1.001333352,-2.492000021,0.002145833,238.2948337,985.7235438,442.679546
15/04/2024,91.1875,28.41170859,54.21716667,1.902794967,0.523500004,-0.712333338,5.33E-04,204.1481666,985.381958,689.8876311
16/04/2024,85.52083333,29.51149988,45.824,3.618796542,2.867708311,-1.766374986,0,286.6763346,984.0605393,934.2114911
17/04/2024,29.09041667,28.95645857,33.63041667,4.664534182,3.821666688,-2.608875001,0,311.3058725,982.7423732,856.0518856
18/04/2024,36.76388889,30.37333337,33.48808333,3.15332578,2.394208373,-1.652708314,0.035845835,292.4384998,981.2024562,893.1032101
19/04/2024,67.3125,31.03325001,42.24020833,2.976523793,2.455416679,-0.68291667,0.005504167,273.1489184,978.7983348,1043.233702
20/04/2024,42.375,29.80870803,43.01295833,3.275857337,2.612874977,-1.760708342,0,282.5628777,978.5555878,1143.540126
21/04/2024,35.75,30.21420836,39.25183333,3.603517814,2.656416669,-2.186708335,0,292.3874592,980.0209529,1115.111737
22/04/2024,33.38541667,30.35445849,36.74754167,2.964996986,2.173458345,-1.548583347,0,293.3422063,980.7944946,1192.454906
23/04/2024,78.92708333,28.74654182,40.86141667,2.663935811,0.615333322,-1.614624993,0.035804166,289.2651678,980.5365423,906.5417889
24/04/2024,89.51041667,29.06720821,42.63416667,2.854843293,2.28191668,-1.384708342,0,312.8577489,980.4557495,1052.176797
25/04/2024,86.64583333,30.37220836,36.2525,3.100803026,2.044291653,-2.135416646,0,318.3451246,980.3852488,957.0357912
26/04/2024,58.52083333,31.41716671,33.64454167,2.565719719,1.562625002,0.232583329,0,289.4666262,979.1340434,874.8354972
27/04/2024,49.60416667,31.69049994,35.604625,3.445106383,2.716791661,-0.511791675,0,287.942919,979.9720357,1151.330372
28/04/2024,45.45833333,31.0162917,36.24054167,2.350892689,1.449958322,-1.38920833,0,290.2281236,981.1107101,1132.361291
29/04/2024,67.78125,30.56337515,38.971,2.772363564,0.929291679,-1.919874988,0,285.1843731,980.5786209,953.4571655
30/04/2024,52.23958333,29.71533338,34.2725,3.537192303,3.021624982,-1.298541671,0,328.1415022,979.6089554,830.0761561
01/05/2024,48.40625,27.71029178,27.30579167,4.580033647,3.531958357,-2.789791654,0,329.3089141,977.872172,1068.552798
02/05/2024,67.28125,28.21300014,31.42883333,3.465347207,2.483416652,-2.307916671,0,330.6726277,979.0145365,785.813652
03/05/2024,115.9166667,30.13679163,28.874,3.476542323,2.632666697,-2.197166669,0,313.7147487,979.7055435,825.1142956
04/05/2024,126.7533333,32.51266662,28.89470833,2.929777304,2.107583324,-1.642125,0,305.123753,979.4710007,892.5627999
05/05/2024,158.78125,32.91345827,31.60795833,3.184102008,2.276083345,-1.801541673,0,322.0784998,975.6264165,1181.439945
06/05/2024,102.4270833,33.59441638,32.526625,2.974453417,2.116458327,-1.999791664,0,306.276293,977.6655808,1177.633168
07/05/2024,153.5729167,33.32229122,38.05525,2.017952792,-1.18337499,-0.719250006,0,290.7014605,979.3592428,883.2396126
08/05/2024,75.61458333,32.30804165,52.72925,4.158695984,-3.692416678,1.781124995,0,309.2512082,980.2732112,836.9511662
09/05/2024,49.25,31.623583,52.16370833,4.21434942,-3.850999991,1.537541663,0,302.9755419,979.9904989,799.0923055
10/05/2024,74.08333333,32.59525013,50.159375,3.707828862,-2.857374994,1.424666666,0,300.6259536,980.5346654,765.8760424
11/05/2024,NA,31.41745838,53.03370833,2.339451451,-0.573333327,-0.403083342,0.006575,306.9865783,982.8235016,713.2108002
12/05/2024,98.125,31.80520852,51.772,2.410473033,0.712041661,-0.701625005,0.0422375,263.8066258,982.3544617,734.9147166
13/05/2024,85.5,32.53466662,45.24216667,2.149924886,-0.266333327,-1.090750002,0,297.7925821,982.4996236,906.8039722
14/05/2024,130.125,32.76187507,35.63429167,2.728083917,1.758291676,-1.758374992,0,320.5925803,982.715421,954.7883244
15/05/2024,163.2916667,33.03033328,36.00166667,2.210564604,0.709874987,-0.961499992,0,327.6326301,982.3227107,966.6010022
16/05/2024,110.1666667,33.93925031,36.99558333,2.01920163,-0.345749991,-0.119999998,0,328.6480817,981.5844625,932.6331531
17/05/2024,97.29166667,35.69333347,34.19691667,2.109521029,1.309124997,-0.910249992,0,316.6510839,978.4729487,1090.966137
18/05/2024,106.6666667,36.41500004,30.43079167,3.549611961,2.766916677,-2.168125001,0,321.8555368,975.8238703,1311.919294
19/05/2024,91.83333333,36.62408336,30.67525,3.693075148,2.47391667,-2.642916652,0,311.4703343,974.1676687,1301.165129
20/05/2024,65.91666667,36.23891695,31.79116667,2.809981009,0.828583314,-1.669999988,0,320.7281675,975.1959915,995.5898317
21/05/2024,74.95833333,34.92845845,45.865625,3.047038529,-2.344083339,0.823000005,0,310.7777515,976.4889247,735.058203
22/05/2024,67.58333333,35.6923337,50.80058333,4.216126704,-3.756500033,1.421250006,0.0015875,306.1362488,976.510081,785.8231214
23/05/2024,48.75,35.36975034,49.520375,4.748105773,-4.273708314,1.998749986,0,294.3495837,976.0510381,832.0759672
24/05/2024,51.5,35.518833,47.9,3.577286052,-3.014875005,1.680749984,0,295.0340392,975.917127,909.0547911
25/05/2024,60.41666667,36.68691691,41.86445833,2.284298284,0.487041657,-0.785291667,0,305.5317864,973.9564947,1077.334461
26/05/2024,63.75,36.99708335,34.50354167,2.659400923,0.916166659,-2.407749995,0,326.1622472,972.1709595,999.5323295
27/05/2024,84.875,37.10499978,36.968125,2.109833991,0.186041663,-1.744458325,0,325.6800429,969.5906677,918.5113261
28/05/2024,101.125,37.0002083,32.89020833,2.535203447,-0.183416665,-0.974833331,0,331.0919164,967.8790843,997.6909997
29/05/2024,60.5,37.13845865,32.416625,2.260867888,-0.607750004,-0.166333346,0,316.0733375,969.003128,790.9477107
30/05/2024,51.08333333,37.95520814,33.12608333,2.777499413,0.655541666,-0.715250016,0,316.7406663,972.064621,1227.848605
31/05/2024,66.66666667,36.94749991,32.43433333,3.180441104,1.584416669,-1.48287501,0,319.2118338,973.5170415,947.6549578
01/06/2024,59.20833333,36.20295842,31.99445833,3.44900807,2.435249996,-1.572750004,0.0217,291.6821668,975.3651683,895.8885029
02/06/2024,32.58333333,35.70549989,37.4415,2.281429678,0.97258333,-0.287791654,8.54E-04,303.7652488,976.431544,638.9770005
03/06/2024,37.83333333,36.40470831,40.240125,3.529369031,2.885333312,-1.009833331,0,308.8184608,975.5229162,1038.30621
04/06/2024,53.54166667,35.95862508,33.97175,2.22146327,1.151833337,-0.826375,0.005245833,302.9015002,975.5472132,1090.728705
05/06/2024,48.33333333,35.90674988,39.367625,3.142501395,1.622000006,-0.911250008,0.0166125,302.2422073,976.0476201,1194.028578
06/06/2024,34.04166667,33.05566653,50.511875,2.023304928,0.782333328,-0.925041662,6.75E-04,308.2302934,978.9102554,732.5822876
07/06/2024,NA,34.76645843,41.110375,3.618939878,2.834125007,-1.877749995,0.026266667,302.8215008,976.4942881,921.2580732
08/06/2024,43.16666667,34.57433327,38.93033333,3.853660988,2.620749971,-2.640416639,0.001254167,298.2895832,975.5124257,826.0663007
09/06/2024,35.125,34.83254162,33.71729167,3.466439312,2.553166643,-2.26333335,0,324.9651238,975.2989934,948.707984
10/06/2024,33.29166667,35.62237493,30.620125,3.110635898,2.497208337,-1.732166658,0,320.8132547,975.1926702,929.6889973
11/06/2024,63.91666667,35.85541646,31.94308333,2.841761446,2.36437498,-1.540791666,0,317.9312072,974.6614202,1033.554459
12/06/2024,72.08333333,36.55475004,31.50879167,3.241034079,2.910833331,-1.194583332,0,321.7133783,974.4180425,1045.3397
13/06/2024,47.60869565,37.89004127,28.016625,4.673735846,4.164791664,-1.584583323,0,307.8992075,973.2474238,1061.697288
14/06/2024,43.68181818,37.99487479,30.4015,5.459081407,4.964708308,-1.190458343,0,287.7363331,972.7191213,1193.303829
15/06/2024,41.04166667,38.62658342,31.09883333,5.309271501,4.91337502,-1.462083338,0,304.8963772,972.804334,1337.329633
16/06/2024,46.83333333,39.14737479,32.04404167,4.59230793,4.223166674,-1.655624977,0,300.5859627,973.1644185,1269.111296
17/06/2024,54.58333333,39.5594999,32.86104167,4.675941409,4.411041667,-1.372124989,0,283.3466656,973.1459986,1277.491548
18/06/2024,76.875,39.33420865,35.77291667,5.13629115,4.836416672,-1.524916674,0,284.550413,971.0873337,1096.665334
19/06/2024,70.75,38.34783308,40.24954167,4.57296784,3.951875033,0.085666663,0.0059625,297.291833,969.2861252,1307.851539
20/06/2024,36.70833333,33.17170835,54.06495833,2.236076028,-1.161958335,-0.786833308,0.001670833,267.0532511,971.8642451,631.073871
21/06/2024,55.45833333,30.90866653,68.68045833,2.53192889,0.187166669,-1.47891667,0.284454172,254.6363347,973.8996302,625.2069244
22/06/2024,85.875,32.96045844,60.339375,1.770983842,-0.448083335,-0.614291664,8.75E-04,254.8548356,973.8177134,595.8882084
23/06/2024,77.20833333,33.62225008,65.650375,1.981710043,-1.648500005,0.837958339,0.037729167,275.7777479,974.4850006,588.4782934
24/06/2024,68.875,33.18604159,65.23120833,2.294782398,-2.045833313,0.701125002,0.037029167,235.5177934,973.4474157,666.0691681
25/06/2024,77.04166667,33.2865417,67.73883333,1.841345159,-1.556458334,0.703583337,0.047129167,235.3999636,972.3432541,715.4378351
26/06/2024,59.20833333,31.58287485,76.69425,3.533522077,-3.115999987,0.76974999,0.759979167,170.6089562,973.1031647,617.5393703
27/06/2024,33.60869565,29.91174992,82.39791667,4.147937583,-3.738250032,1.634124998,0.077470833,124.646666,975.6575877,610.7847487
28/06/2024,38.42857143,29.49258327,85.38841667,2.185525795,-1.394125005,1.088333337,0.619191661,136.55025,974.6741664,329.7640839
29/06/2024,55.45833333,30.23966662,83.83925,2.224915932,-0.095958336,1.629291676,0.564004168,169.3992076,973.0681635,429.9087915
30/06/2024,73.91666667,31.54941694,81.51775,1.342164145,-0.559625002,0.176958329,0.604112506,217.5259177,972.2893728,417.8042052
01/07/2024,38.33333333,31.19945836,82.23579167,1.669529524,0.343624994,0.035624998,0.74393749,179.4132916,970.3344142,394.2643744
02/07/2024,46.75,31.38104177,81.832,1.910609618,0.587875003,0.987791675,0.404441665,154.9014601,968.9503835,355.0734992
03/07/2024,36.79166667,28.8690416,91.22454167,2.357918023,-0.595416662,0.558374991,0.637600006,92.74075178,971.4254608,403.0741647
04/07/2024,26.25,28.50208338,90.12616667,1.966239244,-1.744999997,0.409833328,0.401220839,104.9274584,974.1534983,321.2283335
05/07/2024,26.95833333,28.47224998,91.72579167,2.609954851,-2.547500019,0.271499997,0.483075002,116.9777923,971.3231634,401.2569968
06/07/2024,18.20833333,28.57162507,88.23979167,3.065879078,-2.924041619,-0.540583325,0.031608333,126.6384581,970.4084981,448.8847122
07/07/2024,4.318181818,28.64437477,83.176875,2.714801139,-2.515499999,-0.554958338,0.092108333,190.1696249,973.3778356,506.8299154
08/07/2024,12.58333333,28.61183333,83.8685,2.040834177,-1.824750011,-0.598583339,0.007775,224.8517941,976.3124618,399.9420827
09/07/2024,45,30.61350036,82.500375,1.451860343,-1.130416667,0.410708333,0.148158332,231.9755855,976.9677531,405.4907506
10/07/2024,69.20833333,31.93208329,80.95975,1.358104513,-0.438083332,1.209708337,0.036158333,235.7503322,976.7794647,491.023665
11/07/2024,65.41666667,33.1522917,75.88008333,1.920456484,0.410583332,0.497333333,0.029783333,249.5867068,972.6455027,480.583207
12/07/2024,31.25,31.78574983,70.87808333,2.905372172,2.495291673,-0.887208321,0.030062501,224.3096254,971.1843694,552.3287965
13/07/2024,40.83333333,30.69316681,79.8455,1.262766088,0.025958331,-0.288,0.546870836,228.4037087,972.0869573,356.3537891
14/07/2024,57.5,32.41787473,76.63995833,1.013082636,-0.682333331,0.38508333,0.144825001,268.4400024,971.8454183,462.8082112
15/07/2024,42.5,31.47370839,81.02075,2.464442692,-2.385166643,0.097833333,0.355450001,222.6874579,974.3222529,482.3352049
16/07/2024,40.40909091,32.27708332,78.04066667,2.675872944,-2.463291665,0.43400001,0.57019167,204.4444973,975.0770009,528.419328
17/07/2024,NA,31.80945826,81.132,2.84825568,-2.496874993,0.498708333,0.023654167,246.1214565,975.0637868,521.260753
18/07/2024,45.41666667,31.29533347,85.29204167,1.849486432,-1.478166671,0.785874993,0.228700001,203.5088746,973.749588,418.9418713
19/07/2024,66.08333333,31.33733312,85.26558333,2.673159541,-2.066875001,1.321875011,0.068829167,221.6859167,972.6821289,466.9940834
20/07/2024,59.875,32.27945812,79.65991667,2.050822931,-1.624083333,1.213291657,0.021366667,224.7718371,973.328125,493.6872934
21/07/2024,45.91666667,32.3872083,80.994375,2.849060615,-2.412875002,1.234208322,0.071862499,235.7466663,973.1718318,474.3654609
22/07/2024,28.625,31.60645811,81.72345833,2.677313571,-2.090375006,1.523958328,0.065429167,234.4918756,973.3873317,499.1981653
23/07/2024,38.58333333,31.19658343,84.93904167,1.993793252,-1.781833333,0.681583337,0.063375001,195.0547903,972.4359182,439.0303345
24/07/2024,32.375,30.77295844,85.12833333,0.917232738,-0.405500001,0.375333334,0.0644375,182.7940842,969.2813238,333.7004582
25/07/2024,32.58333333,31.17579134,83.46245833,1.210054775,-1.054458328,0.37575,0.0671375,204.3229558,968.3852081,342.8959192
26/07/2024,45.125,31.48866653,82.86804167,1.428622793,-0.303875004,-0.160583347,0.212037499,196.7141276,969.7959976,367.5135002
27/07/2024,44.29166667,30.99629148,87.49454167,1.558235627,-1.201458329,-0.081333337,0.614591665,149.7132918,972.1095047,337.6410807
28/07/2024,27,32.90412529,79.033125,2.356778143,-2.025916648,0.438125001,0.0208625,222.4384171,972.2955042,473.7584947
29/07/2024,30.04166667,32.95249979,76.67275,3.010265311,-2.780750011,1.002291656,0.001316667,246.0541253,972.3507512,593.9213382
30/07/2024,42.375,33.29358363,78.777875,2.468034041,-2.082458337,0.964541663,0.025141667,224.2940811,973.7478358,568.4931579
31/07/2024,31.04166667,31.71641676,84.91758333,2.367184394,-0.252583329,0.831500007,0.464066661,132.8600026,973.4797974,349.9970412
01/08/2024,17.58333333,29.06725001,88.34779167,2.171787563,-1.372333323,1.387250015,0.124091665,95.60962427,973.6575826,347.9449178
02/08/2024,30,30.04162486,86.37825,2.504682001,-2.198625002,0.767333325,0.113091667,201.0947502,972.2349523,491.5022523
03/08/2024,20.7826087,30.72125014,81.26608333,3.984595003,-3.194875012,2.235749999,0.042729168,207.6718753,973.9549103,582.0270373
04/08/2024,14.77272727,31.15158351,77.57375,3.798023297,-3.545333336,-0.074624994,0.076208333,193.996249,975.4612935,696.8703683
05/08/2024,16.75,30.25104149,79.50841667,5.500656675,-4.916083326,1.94795833,0.050020834,202.446708,975.3231684,779.9434992
06/08/2024,17.91666667,30.51633318,78.94308333,3.08372796,-0.256583319,2.80870832,0.028675,174.1518321,974.0077489,608.1835861
07/08/2024,14.08333333,27.97004159,90.69633333,2.573439801,-1.617583327,1.799791664,0.299774998,80.93858323,975.2074127,390.1858336
08/08/2024,16.58333333,28.57970818,91.58283333,2.319391314,-2.020458321,1.022208331,0.365666665,145.0556251,976.5753759,359.2305829
09/08/2024,18.375,29.21041664,89.64775,2.265544736,-1.947750007,0.913874994,0.303791665,151.9748311,977.5071233,354.3714148
10/08/2024,24.45833333,29.18391665,89.307375,1.744784513,-1.095041666,0.902166674,0.425470827,145.4578317,976.8469136,319.0387917
11/08/2024,27.04347826,27.92108345,92.583125,1.609320745,-0.938041673,0.46962501,0.817504167,104.8903758,975.7894567,308.6502059
12/08/2024,18.41666667,28.1068747,92.52541667,2.215083708,-2.108124991,-0.293583335,1.135904168,103.9548329,976.5962524,370.988877
13/08/2024,16.75,29.23133334,89.83233333,2.155873579,-2.034916677,0.011666666,0.666895825,114.5489158,977.7254181,350.2088753
14/08/2024,26.75,29.91945847,88.088375,2.124857711,-2.029958325,0.233875003,0.526816669,158.5428728,977.854955,375.3052095
15/08/2024,28.91666667,29.93516676,86.60970833,2.487976699,-2.346375006,0.489041666,0.0764125,177.2518777,976.9794668,379.9145409
16/08/2024,16.875,29.76058348,88.134,3.060801057,-2.545333331,1.466291653,0.544754177,146.3370829,976.1564127,498.0052948
17/08/2024,20.25,30.65549986,83.71904167,1.494875087,0.732833321,0.037083327,0.058945832,189.5800019,978.4504166,357.6687927
18/08/2024,28.33333333,30.81687538,83.55979167,2.317580735,2.135208319,-0.669208328,0.17329584,185.3888734,979.0873337,426.794373
19/08/2024,25.66666667,30.5029583,81.79791667,2.269472622,2.075958319,-0.275125003,0.0774875,198.2414574,978.3349177,435.2785845
20/08/2024,19.08695652,29.21504148,88.17483333,1.229412608,0.492291667,0.690916661,0.600937503,134.4821684,978.4454549,285.8287071
21/08/2024,25.75,30.17224995,84.090875,0.999439487,-0.199125,0.872958338,0.25909583,211.5970027,979.4098282,338.3374192
22/08/2024,27.625,30.48758324,83.57325,0.868655059,0.524958335,0.285875001,0.084883332,207.0237923,978.3057149,376.4314151
23/08/2024,20.23809524,29.07329162,87.44125,0.662808702,-0.052500006,0.088041665,0.404441666,162.4777922,979.1928762,263.2235851
24/08/2024,32.625,30.28175012,85.93229167,1.226360514,-0.912708324,-0.394083336,0.1540625,218.3666676,978.3432566,344.069003
25/08/2024,17,30.9823331,79.81725,3.639757975,-3.584416712,-0.038166663,0.051774999,234.8925414,976.4034602,680.3275855
26/08/2024,24.16666667,30.22333312,81.61604167,4.135283299,-3.994124999,0.899124996,0.11440417,216.2977898,976.2052968,763.0561714
27/08/2024,14.5,28.80091659,87.91620833,4.001539303,-3.660083314,1.590874997,0.867212511,173.9267094,978.4229533,750.4346275
28/08/2024,20.875,28.53629176,88.52254167,3.069069669,-2.423000013,1.81825,0.354070831,159.8089189,978.2779185,541.9729608
29/08/2024,16.89473684,27.97891649,90.26420833,3.130159784,-2.402291668,1.794291661,0.257000002,121.8067092,978.3379135,435.5659561
30/08/2024,42.70833333,30.24762503,83.65741667,1.365050213,-0.148166668,0.183708336,0.061704166,190.358542,980.184667,358.8580376
31/08/2024,32.875,31.01929172,80.70241667,2.140271533,1.660083336,-1.312041665,0.0168375,231.9652068,979.3701681,405.8892934
01/09/2024,34.125,31.18716677,80.77875,1.982617523,0.512666671,-0.759833329,0.222520834,219.9408339,978.9072927,405.4425422
02/09/2024,31.60869565,29.60991669,86.136625,3.169485438,-3.014958337,0.714291665,0.263350003,156.6503336,979.9785461,545.0095418
03/09/2024,NA,29.50987482,86.28366667,2.10854734,-1.556666685,-0.228249997,0.42545416,177.2867088,980.2741241,350.5662923
04/09/2024,NA,27.52433324,92.280875,1.317863557,0.284791665,-0.482291662,0.290283331,156.8695825,978.2765834,240.5579185
05/09/2024,NA,28.68520824,87.6045,0.914297191,-0.097416673,-0.017416668,0.064604167,151.4769986,976.3261235,304.2220881
06/09/2024,33.5,28.09883332,90.418375,2.110447194,-1.829000004,0.917166661,0.778995838,126.0391661,977.9788717,373.1925831
07/09/2024,21.20833333,27.58116658,92.18358333,1.353516117,-0.725500001,-0.121458336,0.721016663,93.46070724,978.9928742,286.0798767
08/09/2024,43.29166667,28.64833331,88.47583333,1.549794602,0.734249994,-0.973749998,0.088870833,184.9385415,978.6335831,265.5065001
09/09/2024,45.66666667,29.77070848,85.752125,1.384662584,1.026166662,-0.490541665,0.349524994,180.2288732,976.5454203,314.3291288
10/09/2024,22.08695652,28.7062916,88.172375,1.259096799,-0.519458331,-0.372166669,0.438808331,139.1422072,976.3065364,300.7634569
11/09/2024,26.875,28.34412503,90.5415,1.770396682,0.196708331,-1.227041668,0.736087517,133.0022921,975.9105021,273.3241696
12/09/2024,NA,26.06787515,94.46120833,4.035077521,-1.207208332,-3.446999992,4.631674951,31.92433343,974.6866659,415.7430045
13/09/2024,12.9,25.06166665,93.73529167,2.867063579,1.570083323,-1.562791676,2.120841677,57.43995714,975.1763357,339.6449992
14/09/2024,24.33333333,27.27937484,86.44458333,2.226491864,1.736291669,-0.509499999,0.0325875,187.429665,977.2401632,430.5516256
15/09/2024,29.08333333,28.08637492,83.15141667,2.297975152,2.023583348,-0.777750002,0.077429167,204.5570003,977.9111277,405.2892065
16/09/2024,40.45833333,28.83887482,78.99583333,3.00766895,2.667041684,-1.142916663,0.003358333,225.3726226,979.3118362,428.1536166
17/09/2024,54.29166667,28.56791647,83.39516667,1.552637271,0.615708335,-0.170749993,0.026445834,175.2584992,980.6411667,318.6459542
18/09/2024,24.52173913,25.65579152,91.017625,3.151010068,-2.00320834,-1.911583333,0.88554583,84.78745918,979.8819122,309.8919168
19/09/2024,26.73913043,27.37620847,87.55625,2.670402813,-2.497791655,0.041874995,0.289708335,160.3622483,979.6091258,441.8806257
20/09/2024,39.125,28.98520843,80.383875,1.545510455,-0.676583344,0.84245833,4.00E-04,203.121581,979.7468796,377.8534567
21/09/2024,52.20833333,29.81379167,79.01358333,1.286716005,0.429874993,0.628041663,0.016058333,196.3177916,980.800621,331.9998736
22/09/2024,67.5,30.7817084,78.57925,1.449008357,0.987583317,-0.820833337,0.001595833,181.2177905,980.284668,374.3891269
23/09/2024,70.70833333,30.76287524,80.22691667,1.618292958,1.404666677,-0.661625,0,232.7578323,979.831955,369.5949197
24/09/2024,95.29166667,31.18620841,80.10370833,1.001177733,0.318958335,0.181541667,0,221.7489161,978.6623332,398.2212102
25/09/2024,103.5416667,30.50975021,83.09554167,2.55442122,-2.092083335,1.409874996,0.0454,175.535503,978.870252,418.3301262
26/09/2024,36.5,28.99454188,85.76820833,2.880551898,-2.469583337,1.328916677,0.077587502,186.6925428,979.1174952,519.433836
27/09/2024,20.29166667,28.42466656,82.75133333,2.998364076,-2.776541685,0.693208332,0.016395834,189.9332899,978.9747467,560.3466676
28/09/2024,15.79166667,27.39695827,84.09558333,2.064604883,-1.656124995,-0.043875003,0.0023875,170.6400002,980.8882955,434.5934995
29/09/2024,43.45833333,28.05229171,83.67079167,1.656984362,-0.943208338,-0.010458335,0.001254167,194.3999553,983.3546219,353.3037052
30/09/2024,78.16666667,29.19541661,80.29291667,2.41762043,2.113291656,-0.720708341,0,207.1333337,982.3730011,468.8714244
01/10/2024,69.83333333,29.61433315,80.44020833,2.655016555,2.377750009,-0.745833329,0,225.503001,979.5577164,476.292498
02/10/2024,77.70833333,30.0801669,79.58858333,2.266736025,1.910374992,-0.576291662,0,232.091086,978.9987539,405.2509981
03/10/2024,63.875,29.77462498,73.61395833,1.890097171,1.283999995,-0.372541662,0,234.7429592,978.392128,274.9020003
04/10/2024,NA,29.2414999,77.86545833,1.775251227,0.769208338,0.053791675,0,230.8911684,979.4566193,329.0229169
05/10/2024,52.5,29.83600013,75.04316667,2.447387841,1.67116669,-0.209708328,0,222.3511644,981.6737925,368.5822117
06/10/2024,40.58333333,28.94925006,73.85679167,1.910125552,0.411291665,-1.010875,0.018937501,220.1755834,985.1552099,353.9679595
07/10/2024,NA,28.08337498,74.792875,1.726595655,0.905833325,-1.417916661,0,228.5459139,987.1861267,310.4485368
08/10/2024,NA,28.06937496,75.665,1.33409047,0.537666667,-0.855374994,4.17E-05,213.9304158,986.7029597,382.6194587
09/10/2024,68.25,27.3448751,74.473375,1.749563877,1.336999996,-0.810291679,0,225.1081203,984.7293777,372.667165
10/10/2024,55.33333333,26.95720816,67.067625,2.526369545,1.959291662,-1.536916673,0,225.4555841,983.9892095,368.1675811
11/10/2024,64.16666667,25.67033346,70.37625,2.516057386,2.114291663,-1.155458334,0,227.5674599,984.0104167,403.8512446
12/10/2024,95.875,26.02562491,71.35595833,2.010609369,0.870666679,-0.520916669,0,225.1615396,984.6068319,428.3519586
13/10/2024,104.1666667,26.44391664,69.94870833,1.59807574,0.248041661,-0.446291674,0,210.5185849,985.4525833,355.7044591
14/10/2024,120.6666667,26.39074993,68.54291667,1.758986692,0.985833344,-0.684666671,0,222.6999976,985.9753698,433.2208314
15/10/2024,118.7916667,25.75841673,64.620375,2.355791038,2.0355,-0.936541666,0,219.9407928,985.1443761,386.7814987
16/10/2024,129.625,25.76775002,69.81225,1.692429583,0.648708338,-0.173875002,0,205.6584987,984.1207479,317.5249616
17/10/2024,150.4166667,26.46166682,73.92345833,1.595222269,-0.785416673,0.38600001,0,209.0895859,984.5221252,344.6797042
18/10/2024,162,26.56137514,74.520625,1.546799112,-0.50691666,0.398333329,0,213.0829165,984.4635366,370.0054584
19/10/2024,175.625,26.85495846,75.47975,1.667475661,-0.630833332,0.023791665,0,211.5259557,984.7080434,327.8600045
20/10/2024,176.2916667,26.57704178,78.89591667,1.825755745,-1.456666664,-0.169999988,0,207.7540809,986.0320002,384.6080033
21/10/2024,150.2916667,26.14987493,77.64945833,1.554922635,-0.813791659,-0.958833337,4.17E-05,208.1488326,986.4940389,377.7299146
22/10/2024,188.8333333,25.78558326,77.88125,1.66874606,-0.833791673,-0.890416669,0,206.5496225,987.5186234,376.3753309
23/10/2024,221.3333333,25.72508319,74.921375,2.447343393,1.506500004,-1.785833351,0,201.8785805,986.9443665,439.1396626
24/10/2024,149.3478261,25.79095833,70.354875,2.681683796,1.795083332,-1.901666671,0,208.6570413,985.539416,324.9880387
25/10/2024,141.875,25.04824972,70.75291667,2.770381226,2.166583334,-1.630541677,0,206.6947499,984.7596232,361.6714541
26/10/2024,231.4166667,24.77624997,72.36270833,2.197450562,0.354458341,-1.287291662,0,205.5585412,984.8552475,276.2998753
27/10/2024,204.5833333,25.54266667,78.78733333,1.83762777,-1.633458334,0.482833326,0,199.1845387,984.2662074,381.4557126
28/10/2024,157.5,25.74004157,78.48745833,1.874900666,-1.144041662,1.342416669,0,194.9815418,983.1209208,417.8007077
29/10/2024,173.0416667,26.33608349,78.82958333,1.511238969,-1.11933334,0.900666665,0,195.8081675,983.4119568,366.9117112
30/10/2024,148.5416667,26.9115417,75.30470833,1.842288826,0.068041669,-0.462833352,0,196.6170442,984.0658671,329.1593801
31/10/2024,185.25,25.87733324,69.81083333,2.812821522,2.47437501,-1.194624984,0,197.9251674,985.6260503,386.15492
01/11/2024,221.3333333,24.61345832,62.68729167,2.780199054,2.507750015,-0.864124993,0,200.9859176,986.4235407,435.7406724
02/11/2024,205.875,23.3883334,69.39216667,1.738975112,0.40079168,-0.430916661,0,198.3192527,987.5212936,328.0855825
03/11/2024,232.125,22.96562473,71.096125,1.562583814,-0.670083329,-0.65608332,0,195.234043,988.4609578,313.1676232
04/11/2024,259.375,23.26337528,71.831125,1.468357346,0.869208336,-0.746875005,0,192.6533313,987.1035436,325.6377903
05/11/2024,218.6666667,23.00325012,78.05316667,1.854609254,-1.669291665,0.185791666,0,188.0237104,989.0622482,382.7410401
06/11/2024,229.75,23.40900008,79.924,1.386332119,-0.779,0.144791663,0,184.8355416,989.264829,376.4098348
07/11/2024,246.3333333,23.68420816,79.9775,1.545864397,-1.106458328,0.650458331,0,175.7674181,988.458374,401.1768364
08/11/2024,237.0833333,23.93008335,79.361,1.541838412,-0.975083329,1.053166668,0,178.7956244,988.2248357,415.4872943
09/11/2024,209.125,24.04625011,79.09283333,2.058336213,-1.346166655,1.325583327,9.96E-04,161.607416,988.3437932,385.3822518
10/11/2024,197.2916667,24.17412503,78.67808333,1.614552461,-1.296208339,0.342541662,2.79E-04,176.5132919,988.4302495,368.5881237
11/11/2024,193.9166667,24.07612514,79.674375,1.372245514,-1.138000003,-0.221458331,0.002575,159.8140829,988.1807861,397.6215459
12/11/2024,220.1666667,23.56333335,77.86870833,1.828518446,0.521041663,-0.01475001,0,177.6555827,987.9055481,437.2577505
13/11/2024,402.6666667,21.32466658,82.55416667,2.101654514,1.385750009,-1.361999978,0,176.7407941,987.3286209,353.9650398
14/11/2024,256.375,21.00312527,83.20429167,1.227566365,-0.299833334,-0.564874997,0,178.9732919,989.2962901,320.1831675
15/11/2024,317.25,20.98529156,80.79141667,2.099381861,1.217708332,-1.190833317,1.21E-04,175.1177908,988.5569178,387.9359568
16/11/2024,467.625,20.74666675,78.63379167,2.238399214,1.528000013,-1.367333333,0,177.400793,987.3913727,334.8131226
17/11/2024,414.4583333,19.96033319,82.31645833,2.293824753,1.520374998,-1.693541663,0.002604167,166.1370016,988.1546631,360.9430402
18/11/2024,609.0454545,18.36166664,82.60095833,2.551841844,1.888375004,-1.587208324,0,166.713292,989.7284978,421.5688707
19/11/2024,429.0416667,17.72270842,77.342875,2.00879117,1.540833344,-1.118875016,0,178.6185844,990.6720835,369.1080862
20/11/2024,310.6666667,17.98499994,71.31420833,1.730294322,1.290458323,-1.011583329,0,179.1200392,989.6639201,320.1619095
21/11/2024,247.5416667,17.93254173,71.04625,1.852752954,1.566791664,-0.82345832,0,178.4940393,989.1456731,276.4434976
22/11/2024,340.5,18.64345833,73.199125,1.292397782,1.042874999,-0.543291666,0,173.9534185,988.9407934,297.8794992
23/11/2024,306.875,19.08679163,73.314375,1.293573769,-0.089791673,0.804375002,0,170.1133329,989.3992488,288.8427045
24/11/2024,201.5416667,19.04754162,71.32275,2.456724733,2.184916658,7.08E-04,0,171.1770422,989.1442922,270.5233329
25/11/2024,290.0416667,18.82654158,75.78845833,2.577001801,2.283833345,-0.861958322,0,170.2762501,989.1230418,387.9124582
26/11/2024,181.0416667,17.99012486,72.162625,2.327489292,2.057291687,-0.91237501,0,172.0429157,989.3162969,320.5436308
27/11/2024,169.5416667,17.8924584,69.27675,1.900595833,1.260333344,-1.036583335,0,172.8799601,989.0000814,275.5952901
28/11/2024,234.9166667,17.87279169,68.63975,1.527274396,0.141666666,-1.420416659,0,172.4912073,990.5875422,246.6688807
29/11/2024,199.7916667,17.48491669,72.69683333,1.450710282,0.118208333,-1.261916677,0,169.8562504,991.3155874,246.7633767
30/11/2024,194.3333333,17.03362501,73.40529167,2.076813903,1.428041672,-1.301791655,0,167.7933331,989.3236287,232.4796226
01/12/2024,140.9166667,17.25949995,73.078,1.852175433,1.193541676,-1.333749986,0,164.1866673,987.5817464,229.6807501
02/12/2024,126.875,17.71666666,74.04295833,2.139842509,1.39441667,-1.594916676,0,166.7081689,987.7330856,202.6733758
03/12/2024,128.9166667,18.03895831,71.60541667,2.263080628,1.727416663,-1.353416674,0,166.1155427,989.6570816,214.5414578
04/12/2024,61,18.70670839,62.08195833,3.621467823,3.158374995,-1.729624999,0,166.9459597,988.8170802,359.71875
05/12/2024,NA,16.2159584,59.69104167,2.913955835,2.758083314,-0.845083329,0,170.8088785,988.5972443,327.3270359
06/12/2024,102.9583333,15.50129155,62.42420833,2.91633191,2.619124999,-1.177541668,0,169.1910423,987.5782496,325.9358762
07/12/2024,140.3333333,14.77700003,66.51441667,1.619583529,0.184416664,-0.400541667,0,168.6510818,987.3371709,281.9907937
08/12/2024,171.9166667,15.37479166,67.241625,3.010302317,-2.579833314,1.383166662,0.040370834,152.1659597,987.0680415,297.0035416
09/12/2024,76.83333333,14.9315,72.62645833,1.94031279,-0.602041661,-0.617916657,0.003891667,161.3747898,989.5445379,372.1327532
10/12/2024,94.58333333,13.81954161,63.57104167,3.147266174,2.344000012,-2.02199999,0,168.2103755,991.3544159,393.7535025
11/12/2024,92.66666667,12.86083337,55.92395833,3.007357711,2.537125011,-1.57841667,0,170.5688366,991.0792058,250.4493332
12/12/2024,153.125,12.77983344,63.72125,2.739643669,2.165125022,-1.649624993,0,169.1585407,990.5767924,284.6851201
13/12/2024,106.3478261,13.90041669,58.04633333,4.014540332,3.416958362,-2.02745833,0,170.8821665,991.5374145,361.0877902
14/12/2024,107.7083333,13.40779173,57.35691667,3.37072751,3.023458322,-1.405374999,0,169.1525434,991.7828344,266.9698332
15/12/2024,167.6666667,12.61208316,66.4415,1.988672515,1.237333329,-1.372416652,0,169.6755404,993.2502543,172.7001666
16/12/2024,324.5416667,12.69154175,73.77745833,1.865559492,0.957791664,-1.552916681,0,168.6296256,991.6697973,148.9902481
17/12/2024,437.7916667,12.88366657,77.469625,1.489570359,-0.136666662,-0.79704167,0,166.3696679,990.2277095,184.1392926
18/12/2024,345.375,12.68404174,78.62675,1.826873776,1.254249994,-1.114875008,0,166.7406696,989.6167908,202.8629972
19/12/2024,365.375,12.77887497,78.04920833,2.248754861,-1.557166681,0.752958336,0,164.3873738,989.7195842,251.9651657
20/12/2024,250.4583333,14.08587491,79.72308333,1.767002718,-0.304833333,-1.215208322,0,149.762165,989.4457525,191.4641269
21/12/2024,223.7916667,13.84354166,77.91941667,2.248235261,0.885124998,-1.915333336,0,163.3393379,989.7338715,236.767584
22/12/2024,343.25,13.63879172,78.8655,1.290570792,-0.800749994,-0.288375004,0,162.7917936,989.6606191,267.1939596
23/12/2024,308,13.37437499,81.93929167,2.750338987,-2.52487501,-0.155125003,0.188295834,96.25854305,989.9124985,300.1486686
24/12/2024,179.2916667,14.87320825,81.32475,2.22871466,-1.571958332,-1.191374996,0.089283334,140.230336,990.8958766,289.9251258
25/12/2024,NA,14.53462509,82.93579167,1.964830636,0.821249998,-1.619583329,6.75E-04,156.9873719,992.693044,261.7657542
26/12/2024,NA,14.83554173,81.35854167,1.574096498,-0.025250001,-0.935124998,0,162.3852072,994.5382487,215.8688307
27/12/2024,133.25,14.23512495,92.26154167,2.890036209,-2.458125003,-1.053000015,1.237475004,41.98004246,993.2676697,214.1522077
28/12/2024,78.22222222,14.93837496,96.049375,1.88457355,-0.650916662,0.100125002,0.213504165,35.24445826,992.6268311,245.23421
29/12/2024,82.33333333,13.77687498,94.62383333,2.968414553,2.485625004,-1.512749997,1.25E-04,129.2852087,994.2932561,332.9433308
30/12/2024,91.70833333,12.34691664,92.47991667,2.878314564,2.603666658,-1.149583337,1.21E-04,149.0873313,993.8100433,248.249001
31/12/2024,161.7083333,11.32474999,92.245,1.347053134,0.864291664,-0.81324999,6.79E-04,109.7777907,994.8875834,166.0484994
01/01/2025,146,11.23908325,85.85625,2.216776952,1.872333338,-1.045750003,6.63E-04,166.8452058,992.9395854,205.0387062
02/01/2025,189.4583333,11.23354157,89.39095833,2.670300767,2.149083349,-1.277374995,0,161.27996,992.1468353,191.5627073
03/01/2025,215.1666667,11.97762509,88.75120833,2.05714663,1.634791655,-1.015124996,0,156.3029598,991.9572118,111.1790009
04/01/2025,199.625,12.20329165,89.93020833,1.758981823,-0.5415,0.494333329,0,168.8118743,990.108373,114.9611663
05/01/2025,192.5416667,11.61279162,91.813125,2.577698304,-2.013000002,1.555666671,6.54E-04,130.3385829,989.9759165,189.8066681
06/01/2025,175.8333333,12.47383336,90.408625,1.79154948,-0.231,-0.197500001,0.003979167,111.9222497,990.9322484,228.8165426
07/01/2025,158,12.73479156,90.07916667,3.251441342,2.912249972,-1.374833334,0,159.5244986,991.4905421,296.3230015
08/01/2025,143,12.78020831,79.43533333,3.260712072,3.131874989,-0.766416668,0,171.8873324,989.5146281,273.7660418
09/01/2025,313.1666667,11.95641679,80.40104167,1.433874107,-0.008500004,-0.521708332,0,173.2229575,992.0762482,179.033712
10/01/2025,234.7083333,10.84716654,88.4795,1.882865682,-1.640291641,0.512791669,0,170.2126663,993.7913335,193.0016239
11/01/2025,175.0833333,11.97983336,87.59804167,2.639647319,-2.138583329,0.792833338,0.232612497,134.6155419,992.3749517,241.025332
12/01/2025,125.6666667,13.13133327,93.05091667,1.404804761,-0.266958332,-0.103208334,0.086495834,104.9206255,993.2490438,201.0454178
13/01/2025,105.9166667,13.38687487,89.49970833,2.820450525,2.358124986,-1.484708339,0,172.9978351,992.4287898,248.920291
14/01/2025,168.25,13.12541672,86.30491667,2.090235414,0.934874991,-0.990875,0,176.8377896,992.7098287,227.4685841
15/01/2025,239.5416667,11.33516675,93.13333333,1.837040354,-1.226875003,1.146708338,0.049858333,124.1109999,994.14254,243.9730434
16/01/2025,158.75,13.38095832,89.49033333,1.21545072,-0.067500005,-0.088791659,0.114245833,137.4511253,994.8456268,230.6415815
17/01/2025,120.8333333,12.51920815,88.18316667,2.793852735,2.151041682,-1.667041672,0,181.430333,994.2389577,260.7785393
18/01/2025,144.1666667,11.70637504,90.33783333,1.516690804,1.147624994,-0.381208331,0,138.4667089,992.390124,132.6865844
19/01/2025,185.7916667,14.91708315,85.71304167,1.707329088,0.772458331,-0.799541667,2.08E-05,174.4207486,991.1075414,120.688082
20/01/2025,138.6666667,16.69908341,82.06041667,3.167515366,2.891249989,-1.232833336,0,179.4014996,989.0830841,254.2483341
21/01/2025,136.6666667,16.04766667,76.530375,3.207125134,2.917625,-1.253833329,0,181.8948329,987.9325841,232.500207
22/01/2025,119.625,16.03537508,77.05333333,2.191311228,1.826124988,-1.103333332,0.007154166,183.6792088,987.7226715,187.6459153
23/01/2025,106.0416667,16.35724998,73.57954167,2.628772553,1.972083338,-1.664458342,0.008779167,180.422917,989.0792058,297.8379578
24/01/2025,85.79166667,15.56908337,67.86345833,3.578322767,3.217750043,-1.507708333,0,189.8000412,989.2165807,346.7431253
25/01/2025,95.91666667,14.77829162,62.54916667,3.395782751,3.300416668,-0.688375005,0,194.9081234,988.63871,248.5682109
26/01/2025,135.8333333,13.56537493,68.31075,2.782145888,2.62833331,-0.853333333,0,197.5155435,988.597079,208.6198336
27/01/2025,159.8947368,13.16595823,73.249125,2.399408376,2.164499988,-0.899291666,0,197.6836654,987.3235423,220.2744967
28/01/2025,165.1363636,14.24645835,71.801125,1.82892178,1.462458338,-0.387624999,0,197.9007943,987.0127029,193.3618341
29/01/2025,236.9130435,14.95162503,75.54045833,2.627105876,-2.23483336,1.250249995,0,192.8437074,988.5491714,248.0257107
30/01/2025,210.8,16.3720417,79.278,2.288192272,-1.665791678,1.403750006,0,190.831166,985.3579966,230.6029164
31/01/2025,NA,16.95220856,80.61783333,1.888487234,-0.47529166,0.785499997,0,191.3822068,984.9280472,248.1537083
01/02/2025,161.125,17.08275,83.75108333,1.837322416,-0.878374999,-0.904083329,0.018320833,182.2725822,987.2928289,298.6684551
02/02/2025,147.7083333,16.88425012,79.35870833,2.860215953,2.034375014,-1.952249999,0,194.0718337,989.1934586,343.1785361
03/02/2025,94.08333333,15.52337495,72.08025,2.311271866,1.326916665,-1.656583344,0,204.18521,988.7143326,236.1455841
04/02/2025,NA,16.93420847,77.41266667,1.456662624,-0.17966666,-0.895708327,0.072245833,127.4333729,988.6274999,150.3033773
05/02/2025,107.75,16.13425005,71.84733333,3.23556309,2.664041658,-1.724499993,4.38E-04,206.2184554,989.3531291,397.9103343
06/02/2025,100.5416667,15.63233348,59.41366667,4.361660068,3.079083358,-2.956874987,0,212.1407479,991.057579,452.0584167
07/02/2025,65.83333333,15.25495835,57.846125,4.580355944,4.105208308,-1.980291685,0,212.0910837,990.4346212,417.862704
08/02/2025,82.33333333,15.98604179,60.318125,3.471689078,3.113749986,-1.365874995,0,208.5067117,989.3121312,256.8455439
09/02/2025,119.7916667,16.49899995,67.223625,2.339101311,1.952874993,-1.177500007,0,209.9385793,988.4515813,193.1316666
10/02/2025,149.75,16.80204169,72.46358333,2.376917127,1.512750013,-1.297500002,5.58E-04,195.2030008,987.9963786,217.3217498
11/02/2025,160.9166667,17.97312498,73.95391667,2.094856343,0.954416666,-1.347583326,0,210.0733798,987.2691676,225.9837085
12/02/2025,82.16666667,18.0879583,62.95391667,3.981239106,3.040208333,-2.425125013,0,216.0867082,988.2508748,527.1586275
13/02/2025,47.83333333,17.62550012,52.86929167,5.042646748,4.377791663,-2.325416674,0,221.5517524,988.6650874,542.8085804
14/02/2025,54.625,17.43174986,52.91475,4.335260971,3.952624997,-1.720958335,0,216.0732928,986.9815801,392.3542522
15/02/2025,111.75,17.41587516,62.239625,2.129385929,-0.221666665,-1.093291674,0,206.2111672,985.219958,243.8753378
16/02/2025,160.875,18.32554169,70.513875,1.488281926,-0.170125009,-1.099416655,0,199.213372,986.799586,338.3139534
17/02/2025,124.875,18.46124999,72.340375,1.844956952,0.677749991,-1.535666678,0,221.028084,989.2730408,268.6967927
18/02/2025,99.95833333,18.90616667,67.97220833,2.431563826,1.806250019,-1.351791664,0.001745833,212.3548309,988.7202454,328.2057098
19/02/2025,89.33333333,18.53137509,65.45016667,2.134737732,1.510166666,-0.903333345,0.0090625,195.9829152,987.1805852,260.2712106
20/02/2025,84.45833333,18.85512511,76.88954167,3.7334924,-3.115666656,1.485750001,0.459333333,170.6363299,987.9171677,478.7835851
21/02/2025,76.58333333,18.6077083,76.20229167,2.020881111,0.214083343,-1.065083321,0.009633333,210.3089164,990.6950404,417.9033716
22/02/2025,51.29166667,17.48950012,77.85604167,3.050115418,2.513541669,-1.69570833,0,218.2569994,990.5283814,413.2362865
23/02/2025,77.41666667,17.80483329,73.14354167,2.289426115,1.748041665,-1.404874998,0,231.0652499,991.4765472,358.3114144
24/02/2025,92.91666667,18.14191663,74.528875,2.235025915,1.572916677,-1.509208346,0,233.652583,992.4417063,345.1257487
25/02/2025,111.4583333,19.0195835,74.76504167,1.982236465,1.234416666,-1.233291656,1.04E-04,200.5185016,992.6299184,277.2801286
26/02/2025,134.875,22.05595835,73.804125,1.682059169,-0.58091667,0.767083345,2.08E-05,204.2363731,992.3179143,273.8524154
27/02/2025,77.5,20.48266681,77.62333333,3.316682999,-1.303874992,-0.454958357,0.0330375,103.4414564,989.5608749,253.5022087
28/02/2025,62.75,20.12737513,81.01533333,3.729702965,-2.836708336,1.209374996,0.501091661,145.0918332,986.1819585,434.2966261
01/03/2025,48.375,20.27204156,84.05795833,2.725537628,-2.219916685,-0.752333329,0.354508338,184.9266667,987.5717061,418.4915864
02/03/2025,47.70833333,19.3664583,70.43241667,2.945901093,1.885208337,-2.049249997,0,246.4259167,986.5851262,394.6366258
03/03/2025,74.54166667,20.0103749,59.85916667,1.774596303,0.102374996,-0.061083325,0,242.235582,985.6416295,230.6020841
04/03/2025,67.04166667,20.08441663,62.702875,4.128590355,3.23941668,-1.291916686,0,247.4503296,986.9888382,769.5652024
05/03/2025,32.25,17.59970832,51.47891667,6.5555742,5.757416685,-3.068833336,0,259.7178311,987.9958343,790.223882
06/03/2025,56.75,18.55245833,51.74445833,4.606307275,4.069958316,-1.775791657,0,258.0215875,986.1472092,436.3130355
07/03/2025,92.875,18.67258318,64.242625,2.67189629,1.874958332,-1.528166656,0,255.2703327,984.956871,318.1488385
08/03/2025,93.25,21.05133331,58.41954167,2.784779137,2.355166675,-1.119333331,0,258.6422466,983.1518733,404.884125
09/03/2025,109.5833333,22.27858345,63.55558333,2.137084774,-1.691416656,0.284833337,0,252.9614983,986.5031204,354.8440035
10/03/2025,135.75,23.23616672,64.34958333,2.988287225,-2.695124999,1.011708342,0,242.1948763,989.7064184,389.6425443
11/03/2025,165.875,23.98620828,71.502,1.78620935,-0.204458329,-0.741624991,0,240.8969591,987.6086222,279.0743726
12/03/2025,84.70833333,24.09508316,66.92816667,2.978857025,2.530666679,-1.502791663,0,252.2689157,983.4245911,342.761586
13/03/2025,102.8333333,24.16250014,68.15933333,1.927032362,1.273124998,-0.46420833,0.341312513,248.9607506,981.800916,316.5244538
14/03/2025,100.8333333,23.97941677,72.12058333,1.708705188,0.373374998,-0.343125005,0.058395833,242.0265829,983.2292124,359.7600808
15/03/2025,21.45833333,23.81916658,63.14841667,3.856441347,-1.624666681,-2.042291648,0.011841667,244.6222494,984.7887878,541.6729526
16/03/2025,34.04166667,23.09349982,62.92308333,2.730806114,1.491458321,-2.153708324,0.0137875,249.3244197,985.9016724,470.414127
17/03/2025,51.83333333,21.72024997,64.96241667,2.799937791,2.220000016,-1.457541674,0,255.5399593,986.9318771,578.6970402
18/03/2025,59.95833333,22.10304181,60.43825,2.814547638,2.173416669,-1.605833329,0,273.1288719,986.7813721,505.2032094
19/03/2025,90.125,22.7332499,59.19591667,2.611922921,1.615708334,-1.60629166,0,267.7036284,987.4872996,446.7607069
20/03/2025,83.91666667,23.69133345,56.706,2.460328043,0.731500003,-2.082666671,0,265.283708,988.5695419,452.5284183
21/03/2025,69.875,23.53808316,52.90504167,3.192439404,2.249791657,-2.213791668,0,277.3281638,988.1004181,557.5839513
22/03/2025,98.25,23.63900018,53.31695833,2.130903284,1.294166666,-0.965916675,0.001354167,264.4407941,986.9782079,683.7447949
23/03/2025,113.5833333,23.73425007,55.93879167,1.407076965,0.007583329,-0.229458339,0,281.1444614,988.6236674,442.8716213
24/03/2025,104.5,24.96662505,53.436,1.987918737,-0.47366666,0.058291661,0,280.8163744,987.9971237,513.7001308
25/03/2025,120.2916667,25.7088333,56.55008333,2.231822814,-1.262500015,-0.361041678,0,281.3822507,984.0321706,404.2553784
26/03/2025,124.3333333,28.03954212,51.269125,1.997274191,0.455125006,0.229166663,0,282.7904195,981.0920003,659.8971652
27/03/2025,125.25,27.52329183,52.149125,2.76578368,1.215083339,-0.816041674,0,270.5206672,980.7955856,614.4653717
28/03/2025,56.04166667,24.96658333,41.05279167,4.569421326,3.59891665,-2.546249986,0,294.9347921,983.4298299,685.3486746
29/03/2025,36.91666667,22.01670861,33.523625,4.904962929,4.163874954,-2.499249995,0,255.8125383,984.1953735,541.2577902
30/03/2025,47.58333333,23.11512498,37.08983333,3.81762581,3.129375021,-2.160166661,0,298.2273293,984.5860875,473.4731332
31/03/2025,56.875,24.57754159,37.96745833,3.232778935,2.414666678,-2.126416668,0,298.8414173,984.8120448,494.7101634
01/04/2025,50.95833333,25.20291686,34.96195833,3.425264472,2.621375014,-2.125000015,0,301.7993327,983.8433736,629.3106219
02/04/2025,113.2083333,25.20733333,42.043375,2.817734993,1.669208338,-2.171833329,0,301.5407524,984.6934204,431.8849629
03/04/2025,98.08333333,27.37491671,38.23120833,1.785141025,-0.171125003,-1.045500018,0,294.1104154,985.3727544,591.3995772
04/04/2025,89.16666667,28.1064167,37.37195833,2.539625411,1.198124984,-1.921458334,0,296.8096641,984.926206,758.494913
05/04/2025,54.70833333,27.74829173,37.85066667,3.254914494,2.554541672,-1.898833327,0,300.5829581,982.9212519,618.68242
06/04/2025,101.5416667,28.91625031,39.90395833,2.179177409,1.408124997,-1.068375016,0,299.0392103,981.3027013,535.346498
07/04/2025,NA,30.32295847,43.22020833,2.111084647,-1.634208325,0.02916667,0,294.7919185,982.4833374,535.3889536
08/04/2025,138.875,31.01808333,43.677,3.080800987,-2.885666683,0.742958328,0,294.1696274,984.5046616,647.6201677
09/04/2025,123.2916667,32.25616662,48.22929167,2.50673499,-1.730708312,1.015833331,0.0306,279.3481689,982.1300812,641.0362143
10/04/2025,79.91304348,30.51824991,53.28504167,2.520180342,-1.219166671,0.464791657,0.099125,256.5985809,977.9602483,602.2408392
11/04/2025,41.14285714,27.4179167,60.56316667,4.4682124,-3.397583311,1.873249993,0.011504167,268.2867092,977.9392929,755.7236684
12/04/2025,39.65,26.96149985,57.75625,2.238561773,-1.249041668,-0.144666677,0.065345833,277.6459146,980.8803329,611.7544972
13/04/2025,59.29166667,28.55362495,52.40841667,1.489569839,-0.901708326,-0.31716666,0,266.408833,982.5160853,775.2423197
14/04/2025,95.58333333,29.82329154,47.65425,2.767204134,-2.262458339,1.382833341,0,296.1911689,982.7469966,865.7920476
15/04/2025,91.79166667,30.89362494,44.737625,2.412936909,-2.18675001,0.728249991,0,271.9414627,982.9150442,796.5829636
16/04/2025,114.1666667,31.77775002,44.518375,2.44751832,-1.851249961,1.335333326,3.58E-04,272.3058344,981.4080785,878.3455789
17/04/2025,81.33333333,32.20112499,44.0075,2.491145325,-1.570458336,0.180999999,0,287.1162922,979.0239995,730.4300798
18/04/2025,81.5,31.98429163,50.24716667,3.085871869,-2.733125001,0.86325001,0.039674999,297.9859111,977.3601583,669.0271256
19/04/2025,51.04166667,31.92104165,52.71858333,4.897603729,-3.922291676,2.658625026,0,285.4910393,977.7885818,1003.619885
20/04/2025,60.75,32.55316631,51.52925,3.630546664,-2.943833331,1.626833305,0.009854167,267.4806648,978.1131236,871.8224627
21/04/2025,86.66666667,32.99987499,42.97858333,2.492632747,0.764291676,0.834666657,0,304.4459574,980.695666,967.6072874
22/04/2025,118.6666667,31.26549999,24.927,3.207389807,2.973875001,-1.051041662,0,326.1392503,982.0942942,858.6576087
23/04/2025,113.9583333,31.49037504,23.93441667,3.515923393,2.85437499,-1.72983334,0,326.6289167,979.8777949,843.3743658
24/04/2025,144.5217391,31.59599972,27.87633333,2.60176108,1.170416681,-0.723249998,0,322.9785847,977.68529,1052.184482
25/04/2025,136.3043478,32.08991695,30.371625,2.254120201,0.18179167,-1.327291683,0,323.337753,978.4899546,998.9079407
26/04/2025,151.875,32.75866644,26.44879167,2.134931686,1.311708321,-0.35075001,0,291.2452067,978.3453293,1372.013419
27/04/2025,109.0833333,33.73899976,24.62091667,2.173172879,0.234041661,-0.053416671,5.00E-04,305.1073778,979.4512456,1152.967078
28/04/2025,124.875,32.57137489,32.687375,3.641823153,-2.651166673,0.99316668,4.17E-05,306.6947504,978.5125046,929.3807495
29/04/2025,68.08333333,31.06024996,43.831125,3.947074343,-3.711083333,1.129541657,0,310.7904143,979.6451289,770.047294
30/04/2025,88.45833333,31.91900007,46.19604167,3.925799243,-3.653875003,1.229583323,0,302.2554604,981.0304158,982.1276957
01/05/2025,80.91666667,32.46670834,46.88508333,4.502340915,-4.120499998,1.383583346,1.00E-04,287.6889189,981.9365006,1025.870472
02/05/2025,NA,27.62412508,59.50558333,3.342118403,-2.970416687,-0.026833326,0.016258334,273.2622057,983.5953318,614.6669119
03/05/2025,95.25,28.99533359,61.47604167,1.843213935,-1.044750002,0.500750006,0.136258333,292.7474193,980.2183355,682.407789
04/05/2025,99.45833333,29.18520824,60.271125,2.374652442,-1.632,0.663791664,0.081833333,276.5185023,978.5845896,670.8652053
05/05/2025,41,26.6720833,67.036,3.278536743,-2.72133335,0.443333337,0.229937493,257.4895803,980.4690781,640.314076
06/05/2025,71.58333333,28.42495863,62.82020833,2.668763856,-2.262208338,1.193625011,0.179429171,279.0444563,980.0118764,643.465997
07/05/2025,73,28.8557086,63.87533333,3.355304011,-3.077000002,0.766250013,0.063183334,262.3688358,979.4969559,734.3861243
08/05/2025,80.20833333,29.49324997,64.33833333,2.760611257,-2.433916646,-0.020875,0.101912503,262.3222099,979.4856186,726.5141649
09/05/2025,68.70833333,30.40079157,60.73820833,2.315493895,-1.793458328,0.889833328,0.109866668,274.3963315,980.6917903,619.4331345
10/05/2025,103.2083333,30.01229191,66.20866667,1.316821314,-0.830833329,-0.006708334,0.135204165,263.8785407,980.3259176,653.0657064
11/05/2025,58.70833333,31.38195841,58.505875,2.045859935,0.964958331,-1.644458324,8.33E-04,310.3918361,978.8140869,733.6769598
12/05/2025,62.375,32.30483357,46.16479167,2.841523024,2.230708352,-1.235708341,0.003041667,305.5148349,977.9098765,845.8993344
13/05/2025,46.54166667,32.45299983,44.387,3.139571512,2.585708335,-0.88233332,0.010375,310.3251664,977.8635432,876.5883267
14/05/2025,87.54166667,33.20016678,43.52220833,2.406488949,1.858291661,-1.019916663,0,317.8237509,977.8765005,878.6096624
15/05/2025,334.875,34.12583327,38.06591667,2.479752331,2.123541653,-0.878958327,0,326.3517481,977.5269979,804.3869704
16/05/2025,105.875,33.75720835,41.46429167,2.619699142,0.904000002,-0.687124977,0,311.2466235,976.6752879,796.7255094
17/05/2025,72.08333333,34.28750006,41.78758333,2.588557277,0.735458336,0.468999996,3.17E-04,290.9281276,976.0877507,790.1815821
18/05/2025,72.08333333,34.25520841,46.52695833,2.569804279,-0.998583322,-0.319916663,0,311.5058772,976.1550496,668.6571693
19/05/2025,80.41666667,34.77741655,53.58208333,3.147563593,-2.129124989,-0.285999997,2.08E-05,305.815586,976.4552917,776.5555881
20/05/2025,79.66666667,35.06179142,54.01191667,2.767281421,-1.704458327,0.396666668,0,314.22517,974.6402562,800.829251
21/05/2025,76.04166667,33.84100008,60.50791667,3.850725209,-2.913416639,0.588958325,0.071166668,302.0474984,975.085083,723.1757591
22/05/2025,NA,29.87850006,61.61695833,4.341377467,-3.644333382,2.156958344,0.008979167,282.1022025,976.6248728,764.3973808
23/05/2025,NA,32.25174991,58.59325,4.174619916,-3.834291687,1.543833333,0,304.5799564,974.8071213,826.2064635
24/05/2025,65.25,33.32079188,57.42670833,5.156816022,-4.834833354,1.626250006,0.039525,285.9111231,974.7345403,952.4430872
25/05/2025,NA,28.09116674,75.60195833,3.979703506,-3.706958334,0.687541664,0.217679172,246.1866209,978.1168772,772.4157111
26/05/2025,53.58333333,29.7706248,74.29891667,2.797804659,-2.596708343,0.405708341,0.093449999,261.7933733,976.895251,602.2889236
27/05/2025,65.79166667,31.88545815,66.961625,2.216496904,-2.103416686,0.331083338,0.005483333,264.7510878,974.2971293,616.1089967
28/05/2025,71.125,33.48362494,63.0975,1.69726176,-0.987791657,0.041958319,5.63E-04,288.2836682,972.6847585,726.9439084
29/05/2025,71.54166667,33.50912515,61.75491667,1.532045884,-0.434499997,1.136583343,0.018933334,259.5229594,970.7244542,674.5847893
30/05/2025,63.5,30.64375019,60.795625,2.278631096,0.180083334,-1.210875005,0.046512501,259.5459116,970.5153707,631.464421
31/05/2025,98.75,31.73474987,54.61295833,1.463361352,0.206291661,0.086208328,0.023404167,294.668126,972.3834941,643.2474463
01/06/2025,58.20833333,30.83458328,56.98633333,3.492131849,2.783125006,0.908125001,0.044679166,254.3339989,973.3503367,739.5771655
02/06/2025,45.08333333,30.20499976,57.23270833,1.836228021,0.824916676,-4.58E-04,0.045641667,281.0696239,973.5058263,673.573209
03/06/2025,52.20833333,28.94966658,60.89370833,2.02674023,0.522041666,0.094041672,0.021041667,273.3377905,975.8824056,617.9686658
04/06/2025,56.95833333,27.86658319,65.177375,2.283959029,0.508041659,-0.265874991,0.172458332,248.0755395,978.5530853,663.2570892
05/06/2025,65.54166667,29.48808336,61.43104167,1.296008823,0.462708335,-0.350208336,0.031729166,278.9177503,981.2704188,751.1069959
06/06/2025,61.29166667,31.70204147,57.152625,1.164405138,-0.155291679,-0.321541671,0,281.7829603,980.3067881,755.9776724
07/06/2025,83.79166667,33.81308333,52.377625,1.76798942,-0.574958336,0.745041667,0,301.7126257,978.488416,892.2727631
08/06/2025,84.41666667,35.72312506,48.91754167,2.299837936,0.670083325,0.070541672,0,300.2399591,976.5088704,831.2150496
09/06/2025,102.6666667,36.29587499,45.106625,2.246135703,1.844208344,-0.966833341,0,314.8370793,974.73025,687.2152545
10/06/2025,75.45833333,36.24533312,38.33795833,3.062393033,2.231291657,-1.409583323,0,319.9051238,973.9306997,726.8971698
11/06/2025,88.82608696,36.19249996,45.42495833,2.277142606,-0.327750005,-0.640458334,0,312.8688752,974.5381724,677.2724129
12/06/2025,75.66666667,37.0186251,52.331375,2.680326866,-2.38804168,0.702499998,9.92E-04,295.3829163,974.4435857,948.3735072
13/06/2025,57.875,35.08929173,57.7255,4.075400499,-3.946041663,0.737125005,7.54E-04,276.5288323,975.3294144,782.4614665
14/06/2025,59.75,35.48716664,57.253,2.295415988,-2.051041663,0.351124994,4.38E-04,290.9155838,973.570666,893.5424983
15/06/2025,38.15789474,32.46354183,65.15733333,3.147195219,-2.532250029,-0.248875003,0.189283331,251.9636259,972.6898727,516.7784132
16/06/2025,46.33333333,31.12033335,72.12554167,3.037688426,-2.710624978,0.931124989,0.234520833,163.8843743,973.3632456,562.2709637
17/06/2025,42.58333333,29.57212496,82.55320833,1.967621794,-1.452166675,0.380916666,0.864704157,153.6429597,973.7705434,504.5427036
18/06/2025,45.83333333,29.56666668,83.55079167,1.932775258,-1.531749997,0.941083337,1.235529175,167.5229557,972.5906703,398.0981642
19/06/2025,36.54166667,30.56470823,78.58270833,2.571127728,-2.024375004,1.412958317,0.360087498,187.3540019,971.1999207,445.0178305
20/06/2025,29,30.04274988,81.62770833,3.146400142,-2.784666712,1.336000003,0.038783333,157.9644567,973.5697886,480.1724637
21/06/2025,41.9,31.44766672,77.42354167,1.824038551,-1.306666682,1.053541658,0.026508333,220.0658762,974.3773321,485.1587953
22/06/2025,34.58333333,31.64408342,77.76933333,1.660946068,-1.001541669,0.705875004,0.047066666,232.3815016,973.500412,427.0293763
23/06/2025,53.29166667,31.16233325,80.335625,1.46190837,-1.24833333,0.516500005,0.153508331,199.5666679,971.4770889,417.6040401
24/06/2025,51.45833333,31.27720865,79.963,2.163698638,-1.51279167,1.226416665,0.055812499,231.8534168,970.9762828,516.5132904
25/06/2025,64,30.75304159,83.773875,3.111631714,-2.79520837,0.949416659,0.204833334,137.2933758,973.7463353,490.0902952
26/06/2025,30.625,31.99175008,75.607875,3.568074952,-3.326374998,0.805291673,0.0195,225.8399595,975.402921,605.7018334
27/06/2025,26.41666667,32.85266638,70.981625,3.250297918,-2.818375004,1.326000005,0.014366667,224.0296264,974.5340398,629.8716215
28/06/2025,32.29166667,31.1169165,80.21575,1.844575633,-1.261541676,0.924166674,0.174495833,212.4777095,973.2232564,445.3782854
29/06/2025,31.70833333,28.55266674,89.19575,2.39488278,-1.160416663,1.705874992,0.681558337,119.9533736,971.1524556,383.8662917
30/06/2025,34.60869565,28.13491678,90.96633333,1.705049169,-0.16783333,0.551624999,0.219004167,120.2703744,972.2343419,313.6707926
01/07/2025,29.25,29.29825012,85.24375,1.831950559,-1.563916672,0.289375003,0.053666666,165.6852504,973.4364522,408.6923775
02/07/2025,27.5,30.90029184,80.791875,2.537872604,-2.370708327,0.793875001,0.236570833,224.6170417,973.2622503,533.9807884
03/07/2025,25.45454545,31.39691655,77.94116667,2.69868778,-2.504041662,0.740500004,0.054783333,194.6880836,973.8449148,573.6568705
04/07/2025,26.08333333,31.15204159,80.680125,1.896292616,-1.720708343,0.584458328,0.125658334,203.7755389,973.805748,498.4330381
05/07/2025,33.5,31.24249991,80.30666667,1.467473743,-0.96179167,0.586583337,0.579141672,207.7703743,972.8943736,441.8877056
06/07/2025,25.41666667,30.59633319,83.87216667,1.328702102,-0.465875002,0.089458337,0.438937509,180.682208,972.4095841,316.3539553
07/07/2025,14.45833333,29.2247498,84.97283333,1.51984912,-0.342958339,0.650458334,0.183008338,150.6778327,973.4397456,323.423416
08/07/2025,33.75,31.12899995,79.25145833,1.537206551,0.848124991,-0.222083333,0.450833329,213.7037099,973.4816691,417.2388693
09/07/2025,12.91666667,29.91537483,83.72833333,1.34574491,0.700458327,0.333916669,0.765541654,181.8415022,974.5978368,348.1911259
10/07/2025,18.30434783,27.06420835,91.96025,1.996149191,-1.152041666,1.408041652,1.405437485,92.07333223,976.8837916,259.6183339
11/07/2025,29.56521739,29.28054182,85.0375,0.906745273,-0.24670834,0.594500004,0.458154171,191.7243733,976.1627909,328.4818743
12/07/2025,26.39130435,29.85529177,83.50316667,1.138104645,-0.020583338,0.35033333,0.156462498,240.0858757,975.9774628,391.1081233
13/07/2025,16.08333333,29.68733335,83.97395833,2.220953515,-1.711166666,-0.403916675,0.509095842,181.9539996,975.6471659,418.5572488
14/07/2025,NA,28.50191665,86.14120833,5.108012548,-4.873958349,0.894791643,0.890962498,167.2502931,974.0134125,739.6425476
15/07/2025,18.25,29.28670835,81.6205,5.211464545,-4.007916644,3.05475,0.120408333,189.6237079,973.4958725,668.2666232
16/07/2025,26.54166667,29.31599991,85.33316667,2.919068463,-2.252916664,1.83524999,0.179691667,171.4629144,975.0548757,409.1845411
17/07/2025,22.60869565,28.48266665,87.84754167,2.432542145,-1.66545834,0.682125002,0.307499999,78.61258348,977.1348292,365.6283763
18/07/2025,17.125,29.76108329,80.23229167,4.906672857,-4.630958334,-1.228708324,0.058795833,224.1903729,975.6421229,859.3163723
19/07/2025,18.625,30.19329166,76.19895833,4.250032232,-2.612000026,2.744958354,0.010783333,211.9571261,973.4374619,765.3155002
20/07/2025,24.91666667,30.74729141,73.730125,1.984024332,0.781041669,1.777208333,4.83E-04,222.0459591,973.2916234,482.9282853
21/07/2025,30.16666667,28.92187508,86.15875,1.990861915,-1.053208343,0.811916669,0.183145834,72.53779236,975.9254634,251.9617913
22/07/2025,41.45833333,29.54941646,85.39991667,1.578954412,0.759583334,0.36391667,0.133787499,164.0504162,974.5849533,346.5889568
23/07/2025,21.16666667,29.11158339,87.99583333,1.724615553,1.488375004,0.429291665,0.400595836,78.37925041,971.9819641,258.7361651
24/07/2025,26.25,31.13008332,78.03341667,2.129733972,1.773458335,-0.976208329,0.108895833,243.69333,970.5806656,453.8539537
25/07/2025,31.66666667,32.36162496,74.88775,2.45654994,1.701625016,-0.981374996,0.061037501,248.0095839,970.0498327,504.7077456
26/07/2025,30.04166667,31.23212512,79.11529167,1.183756569,-0.357291668,0.752833332,0.1297125,189.3732906,971.366834,389.9951251
27/07/2025,27.125,31.51695816,78.41558333,2.056671151,-1.728458324,0.62804167,0.080633333,212.0777519,971.4689153,471.1128782
28/07/2025,34,30.92066685,82.361125,1.24843822,-0.478125003,0.614625006,0.1614875,225.3222922,971.6860835,410.4880834
29/07/2025,19.79166667,28.64404162,90.35566667,2.013273799,-1.86870834,0.602916663,0.730812503,134.2629584,972.6145808,288.7113749
30/07/2025,15.29166667,28.34437482,91.806375,2.595926765,-2.420166671,0.47520832,0.690537493,97.71408312,973.2983729,411.807751
31/07/2025,NA,27.22291668,95.214875,2.377981765,-1.98800001,1.236250002,1.13874999,69.03037526,974.0359599,328.2725817
01/08/2025,20.22727273,28.86412517,87.2685,2.002767826,0.993833333,1.265041664,0.616883326,115.0599997,974.8660406,333.6025394
02/08/2025,20.875,29.55483333,83.084125,2.971341665,2.778541694,0.516666664,0.073275,148.6941252,975.3206253,482.6959998
03/08/2025,24.60869565,29.80195824,83.782875,2.841796063,2.566749991,0.304333336,0.126108334,149.762875,976.1987966,454.8423333
04/08/2025,25.95833333,29.11225001,86.15645833,2.005596765,1.682875014,0.236249993,0.541137502,99.04737326,977.3767522,389.0635424
05/08/2025,26.66666667,29.08620834,84.4775,2.011152912,1.421583328,0.614291665,0.249658335,117.0029596,977.6538747,425.8384582
06/08/2025,24.5,29.72716665,80.34879167,2.009988796,1.788833332,0.401375007,0.0095625,207.8200414,978.2842026,376.1351181
07/08/2025,26.5,31.08020846,73.255875,3.285332069,3.188291649,-0.359958334,0.004875,243.3584597,977.0325826,523.584415
08/08/2025,27.91666667,30.9795835,73.81895833,2.785322386,2.089166696,-0.215749998,0.084241669,214.5252472,977.8175024,415.040419
09/08/2025,NA,27.35079169,93.2935,1.831515871,0.697208337,-0.998916661,1.821833311,41.86591648,980.0898794,189.9884178
10/08/2025,27.875,29.64004159,82.83070833,1.709006649,1.561666655,-0.188791669,0.059383334,153.2200394,978.6405462,346.9140018
11/08/2025,26.08695652,29.95583336,79.5405,2.054117957,1.456625001,-0.041791664,0.204295835,148.4688337,977.4124985,356.9879174
12/08/2025,29.34782609,29.80858318,83.37545833,1.896101528,1.098208349,-0.605541669,0.147625002,190.782956,976.9381307,348.6150427
13/08/2025,34.60869565,30.68870839,78.45770833,1.91582649,1.64479166,0.1795,0.027641667,180.3496245,975.918162,367.5904992
14/08/2025,31.77777778,28.00333333,91.88208333,2.033792363,-1.558083343,0.764000009,0.260629169,83.56075039,978.8550797,283.0253334
15/08/2025,36.20833333,28.8903749,89.56654167,1.401279297,-1.184499999,0.244874996,0.272437497,167.6000011,977.6037115,319.1475404
16/08/2025,47.66666667,30.04487515,85.74104167,1.731096182,-1.490291685,0.518749997,0.068341667,190.6029591,976.1662521,384.6911237
17/08/2025,34.54166667,29.31649971,88.47545833,2.509138789,-2.419708346,0.253249999,0.212274995,183.5962891,977.0990041,417.3312944
18/08/2025,22.81818182,29.86254144,84.27554167,3.159479667,-3.124499997,-0.080291666,0.215987501,197.9021668,978.7049967,512.4085426
19/08/2025,22.54166667,30.44479155,81.2625,2.560981173,-2.397125006,0.015041663,0.017291666,237.9179185,977.439504,513.8643755
20/08/2025,22.29166667,30.32679184,80.04245833,3.160073241,-3.025416633,0.559750004,0.033245833,229.7030018,976.8925018,634.7425803
21/08/2025,27.16666667,30.33770832,81.88304167,2.487697666,-2.313375016,0.378,0.236154171,219.9969998,976.7245483,441.8345827
22/08/2025,46.29166667,30.04654145,84.004125,1.750111735,-1.427999998,0.821750004,0.063833334,156.4659159,974.5572103,262.2554584
23/08/2025,33.86363636,28.97479169,85.69120833,1.69031115,-1.585833322,-0.239916665,0.405191674,153.0392089,974.682874,293.9655005
24/08/2025,16.26086957,28.69149979,87.26191667,2.4152421,-2.136041644,0.756833341,0.479266676,176.1162932,975.3275884,445.2423366
25/08/2025,19.2,27.62199998,90.03729167,4.293409002,-4.035416683,1.337625005,0.588249995,65.18441563,974.8375473,651.9601237
26/08/2025,19.04347826,27.8495001,91.72804167,4.323521438,-3.584541639,2.380833338,0.737058334,136.0243753,977.1462479,581.8084933
27/08/2025,31.95833333,29.21291653,86.21008333,2.149700008,-1.779458329,1.121791669,0.167075001,180.974791,977.4598312,410.4873756
28/08/2025,43.875,29.62141681,86.083375,2.115152332,-1.695833338,1.077416661,0.287925003,173.4125845,976.7553737,385.0044158
29/08/2025,36.875,28.3260831,91.02725,3.508837595,-3.343416681,0.718624992,0.448241662,141.7917913,978.1399638,431.2747943
30/08/2025,26.83333333,29.31491693,86.06733333,2.961265961,-2.783583333,0.701083332,0.114429167,156.4533336,979.4878667,494.4576238
31/08/2025,33.75,27.02170841,92.692875,2.917793945,-2.683375016,1.038916665,1.060350008,69.76737587,977.6172511,388.0372912
01/09/2025,NA,25.79970837,97.700375,4.412211759,-3.958624984,1.729791675,1.651037498,58.80445842,974.3079249,495.3044186
02/09/2025,16.27777778,26.0763336,97.120125,4.754138598,-4.353791684,1.810833347,2.450304195,65.09037418,975.6930796,564.2280007
03/09/2025,NA,26.83904179,93.42320833,2.453043919,-2.218624979,0.41254166,0.812570833,129.1799584,978.6692912,412.6393325
04/09/2025,NA,28.45350011,85.55754167,1.840720915,-1.229874998,-0.94683334,0.25363333,214.1252088,978.8125865,330.4488716
05/09/2025,19.04545455,28.49449984,87.42720833,4.126520172,-3.822250019,-0.481875004,0.488637506,167.9392485,979.0056229,627.0818291
06/09/2025,26.29166667,28.73033309,86.41470833,3.46782455,-3.361541659,0.37504167,0.329637495,142.5236258,979.4352112,565.0011635
07/09/2025,29.45833333,29.02162496,85.380375,2.742287725,-2.297333335,1.162500008,0.197983335,190.8363771,979.0168381,459.8921218
08/09/2025,29.77272727,29.69179161,83.08191667,1.566684722,-1.005749987,0.864583325,0.212287501,210.9154996,979.9975382,347.041497
09/09/2025,26.47826087,30.32016659,78.26545833,2.708339127,2.468874992,-0.484666666,0.022445833,220.8748316,981.1411209,473.7666683
10/09/2025,23.20833333,30.31791663,75.484,4.727313044,4.451083313,-1.519833341,0.001333333,235.4074155,980.2767512,746.4574547
11/09/2025,27.54545455,29.62408328,72.90879167,4.006699327,3.886291673,-0.824791671,3.00E-04,224.9199593,979.7051214,681.1930367
12/09/2025,29.04166667,29.50337505,75.1695,2.888053476,2.749625007,-0.430999998,0.0051625,216.9807925,981.2633336,447.14829
13/09/2025,35.75,30.23208324,74.59483333,2.058583188,1.817458334,-0.454083322,0.002820833,181.2007504,981.598086,336.034627
14/09/2025,41.04166667,30.71745833,73.44979167,1.95848094,1.754083348,-0.082875005,0.003016667,219.1414557,980.8095423,389.0577141
15/09/2025,39.875,30.62762499,72.77675,2.545231121,2.417583317,-0.134708335,0,233.7282506,978.95504,400.6315371
16/09/2025,36.95652174,30.14974992,77.06670833,1.460311224,-0.29829166,0.103083335,0.004491667,224.054835,979.398997,359.8552921
17/09/2025,49.08333333,29.87741669,80.76825,1.287147895,-0.408374995,0.065458338,0.052241667,214.5007479,979.8408712,370.379166
18/09/2025,48.26086957,29.55291661,83.17175,1.189681251,-0.587333326,0.053916673,0.041391666,204.8667091,980.0414149,365.9222456
19/09/2025,51.83333333,30.19470859,80.28016667,1.300491231,0.222916668,-0.485749989,0.014845833,209.8125829,980.5839996,428.1464613
20/09/2025,38,30.42166662,74.45829167,2.720609264,2.183249995,-1.342791677,8.54E-04,227.8985002,980.0814997,511.5964137
21/09/2025,41.16666667,30.23833323,72.61458333,2.565524785,2.249124994,-1.069458322,5.83E-05,233.2674158,979.3583781,465.4932518
22/09/2025,43.33333333,30.50658345,70.22075,2.964118855,2.565499966,-1.243833337,0,220.4399557,979.7173386,524.4820829
23/09/2025,37.20833333,30.0147082,65.447375,3.247920718,2.833249981,-1.448083338,0,244.4564167,979.4350408,531.7907063
24/09/2025,36.54166667,29.31645815,66.09225,3.280399931,2.827083359,-1.518833318,0,247.0140804,978.078125,436.5651297
25/09/2025,38.79166667,29.26570829,68.86520833,2.73429038,2.187541669,-1.459249992,0,244.0369976,978.9872894,436.2465834
26/09/2025,44.41666667,29.64804165,71.09429167,2.692312337,1.755000003,-2.011125003,0,245.3807909,980.1653315,441.082133
27/09/2025,59.33333333,30.4578747,73.998375,1.48641572,-0.868749993,-0.536833335,0,235.4541233,982.0191244,347.453046
28/09/2025,63.75,31.3986667,72.39704167,2.539572303,-2.338458324,0.798999994,0.001116667,204.6140839,981.2883275,490.4921276
29/09/2025,49.29166667,31.18595839,73.85879167,1.962521013,-1.619791652,0.9675,0.0102875,204.2237063,979.6831691,408.9682083
30/09/2025,51.875,28.39625001,83.967875,1.581680473,-0.626625003,1.216666654,0.286766663,186.276999,978.3900401,358.91417
01/10/2025,44.13043478,28.62300022,78.942625,0.996803843,-0.091374997,0.249958333,0.0066875,185.3762084,978.3740362,396.0784215
02/10/2025,50.66666667,28.33008297,82.95133333,1.703526176,-1.265833323,0.184499993,0.737945828,177.1444172,981.7805888,375.5749597
03/10/2025,28.70833333,28.44041657,82.328,1.739482103,-1.534374995,-0.197041665,0.005325,190.4362079,984.6127014,387.7998753
04/10/2025,69.625,28.8609585,76.479625,2.176091231,1.787416656,-0.793916666,0.0025625,214.9125785,982.4337921,422.8015428
05/10/2025,71.83333333,28.34791676,75.70375,2.14330001,1.777166662,-0.439208323,4.17E-05,215.6637083,981.1928279,381.3758755
06/10/2025,23.54166667,24.05704164,89.62091667,2.05303671,-0.437416674,0.29879166,1.223841682,110.131876,983.5063299,237.612751
07/10/2025,26.22727273,22.94587493,91.82125,1.813252204,-1.013291677,0.641958333,0.535966666,123.3807083,984.1781235,353.8843282
08/10/2025,28.33333333,23.51199985,86.84220833,1.548644985,1.232499993,-0.702083331,0.0239625,165.7682081,985.7650808,347.2112912
09/10/2025,36.16666667,24.4085834,77.764375,2.354737101,1.764874992,-1.389750003,0.002979167,214.1556258,987.3558756,427.5882095
10/10/2025,63.20833333,24.30133335,73.878625,2.042812907,1.805083319,-0.840416675,2.38E-04,216.2845009,986.284289,431.3143314
11/10/2025,82.75,24.42729171,74.51479167,2.051998144,1.673249992,-1.046458331,0,209.8363369,986.0452576,424.661081
12/10/2025,56.39130435,24.99916673,72.49879167,2.218673137,1.566958333,-1.538416669,0,226.2489173,985.5946681,367.5017123
13/10/2025,83.31818182,24.84608309,71.89175,1.608925941,0.861125002,-1.317958325,0,224.7252487,986.551,367.6590873
14/10/2025,69.91666667,24.90891663,69.2125,1.329451243,0.439458326,-0.868916667,0,225.8940879,985.6116587,382.8959143
15/10/2025,104.6666667,24.72029169,68.86404167,1.396721386,0.229291671,-1.212374997,0,221.5740425,985.5972087,408.6072076
16/10/2025,143.2272727,24.44612503,70.5575,1.458123913,1.095999988,-0.781875006,0,222.5117939,985.5429153,352.183709
17/10/2025,112.6666667,24.74612522,76.412375,1.672804463,1.289041663,-0.941291667,0,216.2933746,986.7380854,359.0569145
18/10/2025,112.5,25.42262507,76.99483333,1.057589412,0.583125003,-0.56054167,2.00E-04,199.141458,986.2138392,375.6622856
19/10/2025,141.5416667,25.46870836,77.39491667,1.189455204,0.6995,-0.197458326,0,192.1665821,985.5895411,354.7432128
20/10/2025,173.5,25.97224998,75.27891667,1.396201285,-0.279125001,0.011333331,0,198.571084,985.8807449,399.1934618
21/10/2025,189.25,25.51283336,81.799625,1.204319383,-0.624666661,0.303416662,0.026925,165.0155855,987.300621,267.704169
22/10/2025,161.75,25.44279154,76.37008333,1.449441252,0.822083338,-0.86720834,6.25E-05,192.2422077,987.4223786,311.945796
23/10/2025,130.75,24.48279166,67.81941667,2.103094743,1.275541663,-1.62295833,0,211.2437093,986.9182917,359.5464123
24/10/2025,125.2,23.6821669,70.43266667,1.272662473,0.872000004,-0.691916662,0,208.0984599,986.6652883,407.2730367
25/10/2025,156.5833333,23.4384582,70.396625,1.021338657,0.275041661,-0.159125,0,206.345958,986.2471263,433.4013807
26/10/2025,149.875,23.95420837,68.42875,0.809852684,-0.064291667,-0.033124992,0,208.0170405,987.1821289,337.8493705
27/10/2025,142.3157895,23.25624975,76.03733333,2.067306334,-0.425333327,0.469833343,0,150.5333345,987.8177973,360.7577456
28/10/2025,123.1666667,22.5987916,81.050875,1.583501934,-1.03600001,0.805541667,0.004291667,143.104459,989.0540415,345.654212
29/10/2025,172.9166667,23.08837493,79.54504167,1.304954384,0.227791668,-1.067791674,0,185.3815008,986.9720383,323.2089227
30/10/2025,210.0416667,23.62383326,84.43966667,1.535792906,-0.792791667,0.700250006,0.048733333,89.21112566,986.1672872,224.0048311
31/10/2025,99.83333333,24.3695418,83.47916667,1.608006849,1.051125005,0.073125006,0.005304167,150.5007503,985.2418696,342.6090795
01/11/2025,201.9166667,23.76049987,76.66395833,2.209838386,1.805541674,-1.06266666,0,191.7118322,985.267924,440.2194146
02/11/2025,209.9583333,23.0172499,69.58579167,2.848084583,2.51016666,-1.260750003,0,197.7867072,985.3062083,418.9002499
03/11/2025,267.375,22.32670832,64.82183333,2.697603525,2.465708331,-0.638124994,0,200.8540843,983.6185048,334.6467903
04/11/2025,176.3333333,22.46991674,69.80133333,1.927512379,-0.824333324,1.497666657,1.00E-04,167.2259579,983.7183278,225.948335
05/11/2025,112.9166667,22.69174997,74.64820833,1.989702226,0.357458325,-0.700791668,0,188.5659588,984.1600825,365.9269974
06/11/2025,198.7083333,20.0751667,57.4625,3.112942022,2.66504166,-1.570499994,0,203.1947897,986.87854,346.6141223
07/11/2025,248.1818182,19.54649997,58.38383333,2.865156719,2.476541668,-1.383291674,0,198.6925392,988.3490473,283.3422502
08/11/2025,293.9565217,18.63800013,57.45,2.579908996,2.166916663,-1.305624998,0,200.8881693,989.2984975,276.9408394
09/11/2025,239.375,18.68620837,59.87495833,2.749632515,2.197916672,-1.630166667,0,197.9488722,987.9816615,289.8786273
10/11/2025,291.5833333,18.45379154,62.39195833,2.164962282,1.855166674,-1.032583334,0,195.8518755,987.811498,269.8292893
11/11/2025,338.9166667,18.10408346,64.61858333,2.686589708,2.02350001,-1.720291659,0,194.3874199,988.6937103,284.0626677
12/11/2025,355.5416667,18.30254173,63.212375,2.989560805,2.469166651,-1.607833343,0,193.0740825,989.5843277,306.8947908
13/11/2025,286.96875,17.78445836,67.07504167,2.694713966,2.195375015,-1.528000012,0,191.3688345,991.0644175,310.7344562
14/11/2025,236.5416667,17.15241659,66.82745833,2.467892892,2.153124998,-1.141875,0,190.3666294,990.9661636,244.8871228
15/11/2025,276.4583333,17.29966688,66.88216667,2.608197321,2.019500012,-1.588083324,0,189.7177892,991.9157054,251.3214159
16/11/2025,296.0833333,17.26591659,66.72379167,2.613738524,1.864958316,-1.810958348,0,189.0636656,993.5831629,254.7868361
17/11/2025,265.3958333,17.44154167,68.24491667,1.696255983,1.057416675,-0.942124999,0,185.2037499,992.9650854,221.8083738
18/11/2025,224.125,17.57204163,73.49704167,1.891186623,1.267916673,-1.33358332,0,180.8985426,991.0749588,229.8012913
19/11/2025,161,18.30379156,74.65516667,1.154373322,0.058625002,-0.767250004,0,178.2947486,990.8511658,247.3061243
20/11/2025,180.6190476,18.68566672,75.12795833,1.080188212,0.110374992,0.109708334,0,176.6770012,991.3433329,262.1332855
21/11/2025,223.5789474,18.95112487,76.81791667,1.356017347,-0.573416663,0.80591667,0,171.8399996,992.4534149,343.323794
22/11/2025,253.4166667,18.50962488,75.34070833,1.341986573,0.511583336,-0.444833335,0,172.8910416,990.7547074,347.7562497
23/11/2025,262.8333333,17.2344166,75.92770833,1.929631445,0.649208335,-1.698625008,0,174.7155408,990.995374,296.4891278
24/11/2025,228.875,16.67054172,75.7145,2.022538761,1.114583335,-1.550333333,0,174.3615382,992.3588689,276.6682458
25/11/2025,199.1666667,15.69037485,73.17904167,2.281985756,1.586125008,-1.501708356,0,175.828251,992.3125814,259.367581
26/11/2025,190.75,15.88191664,70.69933333,1.689682307,0.996833337,-1.104375002,0,175.4259151,992.4444936,229.1293739
27/11/2025,229.0416667,15.81583325,71.33629167,1.41107157,-0.159291663,-1.239208326,0,175.436333,993.9221268,202.9570416
28/11/2025,216.8333333,16.26400014,70.10641667,2.281783843,1.438791677,-1.708500008,0,168.9422077,992.0587921,196.26146
29/11/2025,120,16.98766661,65.91829167,2.680587119,1.942583347,-1.803916651,0,167.8630012,990.1957931,247.2160823
30/11/2025,122.4166667,15.36475003,59.48441667,2.959714411,2.568958347,-1.333458334,0,166.9295826,989.2086716,263.3433728
01/12/2025,171.375,14.7173333,64.78545833,1.678316298,0.364958337,-1.184374999,0,175.2295844,989.1546682,191.8543761
02/12/2025,224.625,15.76762498,69.1455,1.77855836,-0.47233334,-1.285083332,0,166.5200847,989.1869659,191.9318322
03/12/2025,143.2916667,14.2532498,69.66525,2.381361507,1.539833341,-1.737208332,0,173.8837085,992.254041,231.5154187
04/12/2025,162.2916667,13.48179166,69.927,2.967177076,2.606833319,-1.359458332,0,172.2732946,993.0352554,241.266585
05/12/2025,181.4166667,13.47683334,73.39083333,2.172894457,1.786708335,-1.141708324,0,169.1473743,994.5261231,230.6987494
06/12/2025,146.75,15.06833343,65.189125,3.271482891,2.995666678,-1.196541656,0,166.2970428,993.1392898,255.8926223
07/12/2025,150.2916667,15.74133329,63.47391667,3.195449105,2.874416659,-1.350708316,0,165.9955432,992.5227559,238.6857917
08/12/2025,133.5416667,16.54308335,62.75841667,3.371934053,3.020958324,-1.483958334,0,166.7244575,992.2842509,238.0973323
09/12/2025,140.4583333,16.30070825,62.12091667,3.409978691,3.135833343,-1.238958328,0,169.2103762,991.7724991,260.2836641
10/12/2025,122.9166667,15.91845834,65.81795833,2.880516737,2.584749987,-1.125458335,0,166.425919,991.8091253,226.8567492
11/12/2025,207.9565217,15.12312504,76.681625,2.290069872,1.951250002,-1.005624996,0,164.3697066,990.806338,189.1326663
12/12/2025,235.7916667,15.04862511,79.45391667,1.590917485,0.246291653,-0.820083337,0,162.8888324,990.0676702,168.3362487
13/12/2025,326.5833333,15.42500011,81.39258333,1.86008895,-1.744958334,0.151333339,0,157.8970832,991.1474609,178.5467522
14/12/2025,323.5,16.04404179,80.33645833,1.203799727,-0.595999987,-0.083749994,0,154.2852097,992.3909938,158.7237065
15/12/2025,270.8333333,15.07133329,80.39858333,2.361568081,2.144250006,-0.89366667,0,163.9385436,991.737086,224.5560813
16/12/2025,159.55,15.57429179,75.22454167,3.116443291,2.860166644,-1.141083329,0,164.2229579,990.7446671,263.2974602
17/12/2025,151.2083333,15.21575002,78.86958333,3.043512867,2.815125013,-1.093999999,0,163.508126,991.6705856,250.4363739
18/12/2025,139.0952381,13.81845848,86.57866667,1.888727449,0.868499997,-1.577083339,0,153.3414972,992.765831,162.9621673
19/12/2025,188.7083333,13.66887494,85.50975,2.36290256,2.044791669,-1.081791669,0,160.3126262,990.3014654,192.6752915
20/12/2025,245.4,12.45262492,86.75741667,1.419059291,-0.296791658,-0.086541668,0,151.3993323,989.4185435,164.6900849
21/12/2025,237.875,12.63166658,92.00629167,1.70723972,-1.431083337,0.79558333,3.58E-04,114.4392923,991.3722916,134.9482064
22/12/2025,252.9583333,13.31600014,90.53808333,1.001137763,0.021250006,0.316583338,0.002329167,114.7274588,991.3172938,118.5382926
23/12/2025,209.3043478,15.23212496,83.797375,3.106996897,2.823083326,-1.18016666,0,161.2177888,989.3219147,252.9165848
24/12/2025,106.125,14.80425008,75.88291667,3.376256255,3.247291684,-0.846666665,0,164.4163318,989.2781245,358.4827061
25/12/2025,161.5416667,13.42441674,75.120625,1.581020028,1.185000007,-0.514249999,0,165.1844576,990.6348343,220.7307094
26/12/2025,218.5833333,13.87275008,77.553875,1.457630021,0.979375007,-0.682791671,0,144.6977084,991.1418304,203.6629597
27/12/2025,250.1666667,12.77195827,83.73029167,2.303455525,1.81416666,-1.291458329,0,150.6844557,990.908198,223.2440411
28/12/2025,275.3333333,12.37429162,88.1455,1.860942589,0.674958337,-0.721833336,2.08E-05,156.2414999,991.5588303,170.5155806
29/12/2025,243.5833333,12.38150005,90.3715,1.272449906,0.61820834,-0.232874996,7.54E-04,137.7200006,991.3056208,144.2885832
30/12/2025,186.2916667,12.61212508,87.31141667,1.44717228,0.920624993,-0.312833327,6.17E-04,147.1459579,988.6422882,145.5354137
31/12/2025,206.3181818,11.90591673,93.06604167,2.66964795,-2.180916677,1.375625006,1.38E-04,134.1274177,986.8741328,218.0167084
01/01/2026,210.2083333,12.86116668,92.36545833,2.364542776,-0.771791659,0.831416666,0.0146375,102.4666259,988.9395828,258.0411263
02/01/2026,82.20833333,13.43233335,85.56041667,2.431701695,1.890791677,-1.442374998,9.75E-04,135.2932922,991.9211248,375.9927105
03/01/2026,126.0833333,12.12766659,85.32358333,1.392355531,1.185791669,-0.508374998,4.17E-05,121.5415405,992.7290014,317.0275434
04/01/2026,148.625,11.43658338,85.21633333,1.765237251,1.238541656,-1.141624995,7.92E-05,128.4792921,993.8848241,342.7250431
05/01/2026,124.9166667,11.35466659,86.57316667,1.942346646,1.524083326,-1.142166662,0,165.8230418,995.0480423,267.1875402
06/01/2026,126.125,10.65429171,91.004625,2.267074098,1.871916659,-1.154958339,0,161.6095835,994.91038,238.8563342
07/01/2026,124.2916667,10.6744583,89.05891667,2.155402027,1.586875002,-1.340166663,0,168.1711253,996.0031611,225.7998769
08/01/2026,127.9583333,9.182041645,89.09770833,1.975891024,1.148333326,-1.516208336,2.08E-05,140.9948329,996.1615804,155.6311259
09/01/2026,144.0416667,9.853875001,85.30429167,1.504744378,0.132416666,-1.386250004,2.17E-04,135.6378737,995.2005793,152.8308349
10/01/2026,141.5,11.21387507,80.402,2.4811754,1.916916663,-1.47779166,0,171.6918735,993.7014542,222.6253335
11/01/2026,112.1666667,10.41675003,77.89641667,3.052655174,2.429749991,-1.809791664,0,177.3148341,995.5957108,267.7765439
12/01/2026,147.0416667,10.2536249,78.124,2.356505713,1.54033334,-1.34916667,0,179.2555395,995.6180369,226.156958
13/01/2026,203.7916667,9.898374975,80.11016667,2.344723415,1.37554167,-1.729583323,0,178.603,994.3918813,210.2736249
14/01/2026,193.375,9.137249927,84.90333333,2.598184327,1.938291664,-1.561624999,0,177.9941273,991.255249,209.6769168
15/01/2026,153.5833333,9.443208357,88.57333333,2.44357399,1.937958342,-1.347958339,4.17E-05,142.7504178,991.3645808,180.6936669
16/01/2026,190.3333333,11.85037494,80.20166667,1.763753602,1.094708335,-0.952583325,0,176.3800012,990.1949107,162.7254577
17/01/2026,199.125,12.14533345,84.17129167,1.479678109,-1.034375002,-0.547166671,8.33E-05,154.1474145,988.6720886,119.2918328
18/01/2026,249.6666667,13.66912496,85.20275,1.887978534,-1.687541664,0.672333334,0,171.8778336,986.6791255,196.3947482
19/01/2026,237.875,15.07729165,78.46320833,1.649640649,-0.038125001,-1.080708338,0,167.3703307,988.6606242,187.0119966
20/01/2026,208.875,15.28050001,79.60329167,2.411848519,1.794250002,-1.467541649,0,179.6319147,989.7632065,258.6647485
21/01/2026,163.3333333,14.36854168,77.903375,2.341279429,1.444666664,-1.587166672,0,184.5466689,991.5395432,269.9715424
22/01/2026,189.5416667,15.03049996,75.42375,2.362138562,-0.371333332,0.162999998,0,185.5326671,990.1531245,222.7591661
23/01/2026,110.9583333,14.63104177,92.495125,3.866080344,-2.649458349,2.160958332,1.236708339,85.75337519,989.5629222,410.1467511
24/01/2026,52.5,11.7508751,64.96854167,3.295237735,1.879541678,-2.608041679,0.006041667,156.7592921,995.8462474,307.1908344
25/01/2026,73.95833333,11.03737503,74.68408333,2.805233804,2.579916661,-0.91866667,0,190.6533319,993.356926,252.4401263
26/01/2026,142.125,12.47120835,75.83179167,1.506433066,0.781416666,-0.042125004,0.006970833,190.3088328,993.322581,209.7513756
27/01/2026,142.7083333,12.87783337,91.50858333,3.259088555,-2.788833335,1.311208327,1.342074984,118.7829571,992.0006612,264.3221677
28/01/2026,121.0416667,14.28450004,88.33783333,1.880126438,0.422791667,-1.185708327,0.088379168,113.5273333,993.6469599,328.5653752
29/01/2026,90.83333333,12.85083334,89.452375,2.485182858,2.151291663,-1.222583324,0,191.7815016,993.8606237,254.5866644
30/01/2026,115.125,13.37658326,84.73545833,1.952644238,1.684666658,-0.796333327,0,181.713336,992.7314122,209.9610013
31/01/2026,150.1666667,13.24179169,89.05695833,1.609960118,-1.22983333,0.963083334,0.001433333,142.8392507,992.9910863,193.9632449
01/02/2026,102.625,16.09895841,85.47816667,1.966993147,-0.643250006,1.399624986,0.648141669,159.8607061,992.9208756,207.8832511
02/02/2026,97.625,14.97904162,90.17716667,1.959752625,1.478166669,-0.996625007,0.0017875,166.7755014,993.4975866,248.7272087
03/02/2026,118.4166667,14.16524994,86.48816667,1.712802311,0.892958338,-1.043583326,0,192.2317509,994.5466232,198.8343761
04/02/2026,148.875,14.6592499,82.60108333,2.372939811,1.786083336,-1.487124999,0,197.5681711,995.2375437,289.9384139
05/02/2026,101.875,15.33987482,76.39654167,3.092263057,2.808083325,-1.282916667,0,204.2385411,993.631251,288.9697479
06/02/2026,96.54166667,15.85075021,72.66095833,3.430681805,3.138375004,-1.300125003,0,207.0874562,992.6365865,301.4434567
07/02/2026,NA,17.34270847,73.9255,3.786743454,3.306749999,-1.776375011,0,202.0851654,990.291715,370.819836
08/02/2026,84.375,15.63104165,72.47245833,3.053449477,2.602125019,-1.420583343,0,211.9874202,989.3624064,271.0262923
09/02/2026,159.9444444,15.10158324,75.88970833,1.657267713,-0.277000006,-0.167708346,0,187.6533299,989.3489126,184.3261242
10/02/2026,NA,16.98729165,76.80845833,1.835827926,-1.209374998,0.129374988,0,204.7977467,990.3129603,207.2680395
11/02/2026,137.75,18.26187511,74.428,2.381398011,1.50595834,-1.51833334,0,209.453376,992.7835414,248.8331251
12/02/2026,78.70833333,16.80304178,72.87195833,3.02159052,2.642041658,-1.250708343,0,216.6029154,991.8141683,304.2494198
13/02/2026,103.9583333,17.13754153,72.14270833,2.298533581,1.784958341,-0.84591668,0,209.9511232,989.8603694,250.7809192
14/02/2026,122.7916667,17.25237505,74.96966667,2.634999269,2.021666669,-1.215124995,0,216.5592493,988.8831253,270.0312539
15/02/2026,114.8333333,18.33283341,74.70695833,2.760997791,1.953000001,-1.260458335,0,218.1103334,987.9732564,267.7327054
16/02/2026,140.2083333,18.36520823,74.77833333,1.950757594,0.094749995,-0.246375002,0,220.3052071,987.5032069,225.6810823
17/02/2026,120.4583333,20.01108321,73.20920833,2.443199797,-2.013291662,1.244666667,0,216.4229164,988.5981979,240.8150404
18/02/2026,91.5,18.47958326,79.92404167,1.673194647,-0.118208331,-0.41179168,0.058775001,124.3881267,989.8579153,167.2122922
19/02/2026,80.29166667,18.58900003,78.680875,1.602026393,0.453916667,-1.429624988,4.67E-04,209.8584592,991.094457,263.5368748
20/02/2026,87.54166667,19.53487504,75.85966667,2.027223309,1.146791673,-1.550291667,0,222.1837496,992.0373713,288.5801709
21/02/2026,108.1666667,19.4122084,77.92308333,2.825558553,2.34041667,-1.361125018,0,225.5689586,987.3839595,354.3037531
22/02/2026,101.7083333,19.62512489,74.23504167,2.058034121,0.977833357,-0.842458329,0,228.3511664,984.0449956,363.895375
23/02/2026,114.6666667,20.22866666,72.127125,1.765920056,0.745374989,-1.185833331,0,229.568169,984.1287486,299.7642975
24/02/2026,115.4166667,20.06029189,74.03945833,2.045490137,1.074833334,-1.55225001,0,235.0555824,986.0392863,331.5877463
25/02/2026,128.5416667,19.8807083,69.52495833,2.359934547,1.557500015,-1.452166658,0,237.6207539,987.0941671,395.4835404
26/02/2026,98.70833333,20.34287516,64.59045833,2.877281001,2.374291658,-1.198375013,0,238.6992505,984.5913747,425.9704952
27/02/2026,91.70833333,21.33741653,67.529375,1.821313168,0.94150001,-0.611416667,0,238.1392484,982.2086309,298.8910845
28/02/2026,116.25,22.59095828,64.93133333,1.929585917,1.245458343,-0.887333309,4.17E-05,227.9637496,981.6207021,438.0168382
01/03/2026,81.29166667,21.76833316,63.54841667,3.304679956,2.739749978,-1.491250009,0,244.1562475,983.0814158,495.2752099
02/03/2026,88.5,22.42229168,59.57266667,3.829186611,3.27125,-1.870625004,0,244.1829592,985.1002528,512.5399602
03/03/2026,75.58333333,23.25725007,56.74841667,4.510147688,4.104791711,-1.806083336,0,248.2215047,985.4579951,477.6877995
04/03/2026,72.16666667,23.67937493,61.347,3.469255861,2.949583317,-1.792750003,0,245.7259154,986.2956645,380.8797032
05/03/2026,57.04166667,25.23216653,61.987,3.522195899,2.918000008,-1.93766668,0,246.1577908,983.8907089,392.9772924
06/03/2026,94,24.11941679,71.96054167,2.051970026,0.356874997,-1.351833329,0,249.6511652,983.904213,289.6044186
07/03/2026,118.1666667,24.59216674,71.93983333,1.964340537,-1.181416656,-0.210708336,0,250.3510842,985.6098735,320.664539
08/03/2026,121,25.33258335,67.98758333,1.742310685,0.785000003,-0.921458333,0,250.4170842,985.8995845,305.2397416
09/03/2026,100.1,25.40170852,72.04708333,2.405386359,1.080791661,-1.372458341,0,237.1199573,985.9655406,300.2340832
10/03/2026,151.4583333,25.50529162,74.85570833,1.798201874,-0.526249992,-0.950666663,0,253.4185417,988.0348358,305.8731676
11/03/2026,120.875,25.56850004,65.07091667,2.147412715,1.687666655,-0.370583336,0,257.8911228,986.1518733,459.8591641
12/03/2026,92.08333333,25.33100009,56.73075,2.366277661,1.780583348,-0.827458333,0,242.5770825,982.7406286,314.2037481
13/03/2026,71.33333333,24.66158327,64.00370833,2.985711875,2.229958308,-1.849291667,0,224.403749,982.9853236,415.4049972
14/03/2026,71.20833333,24.19104155,57.425,2.395448897,1.341250002,-0.708083339,0.0031,202.8577928,982.7955755,268.8919597
15/03/2026,60.20833333,22.66624999,65.15983333,3.659356689,-3.229916682,-0.232374997,0.068020834,217.4718335,982.9159164,463.3582903
16/03/2026,42.16666667,22.71350002,58.72483333,4.014126061,-2.857833313,0.152750013,0.007054167,254.4362919,982.5454127,564.0573362
17/03/2026,79.41666667,22.59537486,61.426,1.83234274,-0.076374999,-1.669208318,0,253.9348354,983.1099548,381.6642914
18/03/2026,81.75,23.23679185,68.56566667,2.486867724,0.144791679,-1.155083327,0.21463333,248.0673739,984.985789,369.2986253
19/03/2026,49.125,21.00333341,80.20816667,2.774688782,0.335958334,-1.327541679,0.304420834,174.0585383,986.08962,345.4783373
20/03/2026,35.875,18.01325003,88.42041667,2.00252316,0.472041668,-1.22533334,0.487225005,103.9407499,985.3731257,280.984914
21/03/2026,51.54166667,19.81908337,77.23004167,1.620768358,0.831708347,-1.025291675,4.79E-04,247.5495405,987.2504145,382.3786651
22/03/2026,53.25,22.02016663,68.51425,2.615129079,2.047166672,-1.36666667,0,267.4348301,986.7242915,432.2637922
23/03/2026,62.83333333,22.44249996,72.766625,1.972850234,0.221666665,0.064458346,0.033579167,201.4984985,985.7286301,259.1625025
24/03/2026,100.9583333,23.93008343,67.12379167,2.696632091,1.785749997,-1.262083319,1.79E-04,270.7014576,984.6817932,586.3175852
25/03/2026,82.25,24.38245829,60.78279167,2.674684052,1.836000023,-1.159625002,0,280.0125832,984.0830383,442.4332072
26/03/2026,78.08333333,26.31558339,56.225375,2.308112613,1.497708346,-1.372958332,0.002029167,242.8474203,985.5476685,458.5373358
27/03/2026,39,25.03945843,62.14979167,3.24131083,1.599666665,-2.758999993,0.041445832,224.1148329,982.4218292,515.7436333
28/03/2026,79.70833333,25.41774996,62.884375,1.812144968,0.752958348,-0.253583332,0,266.1332897,979.8432897,496.0507469
29/03/2026,89.91666667,26.85291648,61.01425,3.247640454,-2.605458344,1.047958326,0.037475,256.712585,980.1768392,581.0481658
30/03/2026,62.875,25.96458332,60.42245833,2.70496416,0.915874988,-0.091291669,0,209.3259571,982.5348358,405.8884991
31/03/2026,65.33333333,25.35524988,60.876375,1.978721727,1.243541658,-1.161208344,0.004529167,247.1422082,983.8061244,513.1914194
01/04/2026,36.66666667,25.57887491,61.78175,1.748230823,-0.180583333,-0.745708335,0.013133334,218.0533342,984.5040436,397.5514963
02/04/2026,69.45833333,28.00262499,56.03525,1.396832343,-0.85533333,-0.350666668,0.011983334,257.0822069,983.2706197,512.4295026
03/04/2026,77.95833333,25.75216667,63.28370833,3.074812909,2.076750008,-0.706708337,0.019233333,238.9769576,983.8836695,486.0616682
04/04/2026,50.91666667,24.64845848,68.76608333,1.734233553,0.859333338,-0.541500007,0.072620834,209.2273715,983.6109111,452.5627499
05/04/2026,47,25.47141655,55.37725,1.987917012,0.504083327,-0.523666675,0.007570833,259.9955004,982.4356206,645.0490856
06/04/2026,56.625,25.43545818,51.00279167,2.125950827,1.892291677,-0.431916669,0,278.2162072,982.8379593,950.4904612
07/04/2026,38.95454545,22.29495843,67.524375,3.350328559,-2.078958331,0.738583337,0.493750004,195.0926206,982.2997487,522.0092087
08/04/2026,32.82608696,20.77541685,79.63883333,2.604822819,-1.585166654,0.210749988,0.198858334,226.8488747,982.82562,552.188756
09/04/2026,52.91666667,22.61683329,65.0065,2.152234371,-0.425374983,-0.763374991,4.17E-05,275.4718742,987.0159531,733.816592
10/04/2026,46.58333333,24.65612491,48.98145833,4.582349215,3.76524999,-2.55383335,0,304.3740447,986.9117482,707.6204952
11/04/2026,47.04166667,26.67716678,45.06258333,3.680024761,1.88058333,-2.487124975,1.00E-04,291.771084,984.5897878,651.2687165
12/04/2026,NA,26.97333336,46.57475,3.011646245,1.761375011,-2.267124986,0,304.3814544,982.1654154,751.42941
13/04/2026,61,27.08004149,41.46945833,3.118936674,2.056833338,-2.003000004,0,309.4526218,982.7941666,640.6907073
14/04/2026,88.70833333,28.22870835,40.03283333,2.708813433,1.318708333,-1.870083348,0,304.1970795,981.824379,610.9877901
15/04/2026,99.79166667,29.03429151,36.16070833,2.866734688,1.619208334,-2.111208327,0,311.9407065,979.2863261,766.7984534
16/04/2026,139.0416667,30.02941656,39.08083333,2.043179058,0.318125002,-1.306250004,0,305.7370818,979.9552434,788.7831678
17/04/2026,110.375,30.6042916,42.421875,2.659806734,-1.22583334,-0.890583339,0.006916667,251.0481234,981.9960378,432.8536624
18/04/2026,NA,30.78245838,47.054625,2.102673684,1.483291679,-0.975458338,0,304.5133321,981.0856679,501.9533337
19/04/2026,136.9166667,32.04395811,39.146875,2.699473033,1.782041664,-1.733374997,8.13E-04,268.0281686,979.6462504,787.4629128
20/04/2026,48.29166667,31.70816676,33.036875,3.333024966,2.285375002,-2.223500003,0,303.7192504,979.3917923,1082.756449
21/04/2026,67.04166667,31.35712481,31.38391667,3.575803645,3.088208303,-1.629374988,0,315.0355434,978.9095866,1143.237088
22/04/2026,95.375,31.87399983,34.15608333,3.541165208,3.122583335,-1.276875007,0,314.3970855,978.5864105,901.9701549
23/04/2026,92.25,32.64299973,31.59433333,3.073432684,2.914000009,-0.077791667,0,312.5437504,979.260376,886.5953983
24/04/2026,114.9583333,33.3467083,36.73433333,2.293606506,2.001291658,-0.435083335,0,299.8599974,978.585584,890.051132
25/04/2026,89.7826087,34.63841677,33.37066667,3.257979279,2.274958315,-2.274374992,0.001908333,298.0690004,979.9482905,1009.325573
26/04/2026,NA,34.94637505,32.03958333,3.813262781,3.118249993,-2.097166645,4.17E-05,295.9267106,977.8883362,1128.039195
27/04/2026,NA,34.62674999,29.88766667,3.047244507,2.355875,-1.720791643,0.003533333,300.7275462,975.4995829,1005.686278
28/04/2026,NA,33.02216681,41.96170833,2.388176428,0.481874997,-0.625291665,0.178125001,258.4815004,976.3492915,767.0431605
29/04/2026,NA,30.35158324,53.47791667,1.847695599,-0.913083327,-0.149624998,0.065900001,285.4497107,976.3262939,728.3609506
30/04/2026,73.83333333,28.81358353,57.77120833,2.739979037,-1.648875016,1.042208345,0.052354168,283.2007081,977.1606191,651.5077589
01/05/2026,49.875,27.9836665,62.00433333,3.273401381,-2.840374962,1.324041675,0,310.2295836,977.9821218,709.0678775
02/05/2026,70.16666667,30.61658319,57.18591667,2.105595726,-1.455750017,1.233166672,1.79E-04,306.7229984,976.0997416,717.370832
03/05/2026,44.83333333,29.35862494,60.82354167,4.359965978,-3.850166649,1.55658334,0.033595834,289.4829163,977.0687052,679.6620849
04/05/2026,17.45833333,26.04854186,66.01845833,4.789066074,-4.271874974,1.505583341,0.064766666,266.6436675,980.6739146,714.9634991
05/05/2026,31.95833333,26.41641665,67.19341667,2.531615612,-2.20329167,-0.244291663,0.315824998,258.1519183,983.8271688,493.4222098
06/05/2026,57.25,27.87754162,57.31491667,1.503663716,-0.017750001,-1.245125006,0,304.6022535,981.4059168,732.3369095
07/05/2026,40.20833333,26.59450007,58.64616667,4.209390881,-3.709624981,1.685041673,0.027829167,278.7288769,981.8588282,679.1334168
08/05/2026,50.95833333,28.11074988,59.81158333,3.574153556,-3.317499995,0.844208336,2.79E-04,307.0496221,982.4491221,761.9369631
09/05/2026,79.20833333,29.93449998,56.43383333,2.75386227,-2.624416679,0.588583333,0,302.591125,982.3564529,799.5243038
10/05/2026,71.75,30.79970829,57.18845833,2.697331292,-2.323958332,1.100666668,0,263.5022488,981.6688716,790.4467529
11/05/2026,71.04166667,31.73825002,53.73741667,2.29860477,-1.676041649,0.451833326,0.003004167,297.6740846,981.2333756,725.1176268
12/05/2026,77.20833333,32.01625005,55.23166667,3.368714476,-2.770375023,1.463958324,0.013212499,295.4459168,978.456665,642.4435873
13/05/2026,61.16666667,31.36187482,56.81641667,2.452687413,-1.906416665,0.421041665,0.047124999,305.9096688,976.5755386,575.084958
14/05/2026,59.75,31.53479155,53.38133333,1.686388322,-0.471833325,0.098166663,0.031808334,298.1163314,975.5427526,503.8275866
15/05/2026,49.65217391,32.55150008,50.55925,2.482913321,0.364958332,-0.81949998,0.0062,298.12362,976.1015396,785.7605842
16/05/2026,96.04166667,32.99475018,42.438625,2.886101464,1.953166664,-2.070000013,2.08E-05,299.0030001,976.996165,780.2154275
17/05/2026,63.16666667,34.64237491,36.97604167,3.84241152,3.122875,-2.130416657,0,319.1962926,976.2646306,1080.177752
18/05/2026,59.70833333,35.37604173,38.048125,3.402897414,2.919375002,-1.565541658,0,322.7852069,974.3565394,867.728122
19/05/2026,74.95833333,36.19229182,32.83404167,3.036291463,2.48133334,-1.465124998,0,325.9821669,975.1830495,1101.484969
20/05/2026,64.29166667,36.89941668,28.3325,3.2975262,2.751958323,-0.056416664,0,318.0792891,974.481631,1242.910123
21/05/2026,58.95833333,37.16525014,29.16070833,4.295477383,4.036750009,-0.108083344,0,322.9666653,974.6755473,1175.203637
22/05/2026,57.66666667,36.42945838,28.98216667,3.153826105,2.31029165,-1.361125004,0,319.8347957,977.2312495,1112.791009
23/05/2026,78.54166667,35.10370859,34.59979167,3.325307796,2.513291684,-1.966624998,0,284.8370015,977.5287069,1088.971755
24/05/2026,80.25,35.73112504,31.33125,3.517923633,2.732166682,-0.975708333,0,316.2518733,976.4934616,1095.077221
25/05/2026,83.66666667,37.15754183,27.74441667,3.240339791,2.509208351,-0.506999992,0.001666667,316.4977912,975.0333303,997.6945017
26/05/2026,75.83333333,35.72591678,27.17295833,3.160511644,2.052291682,-1.951333324,0,331.0792499,976.2202174,1240.903395
27/05/2026,83.91666667,35.39783327,28.80333333,3.228206501,2.129708329,-1.881291653,0,329.8510865,975.9202932,974.6863669
28/05/2026,86.91666667,33.62520838,49.113875,3.81760313,-3.04170831,0.729708347,0.173962502,295.2912113,976.37058,566.0099175
29/05/2026,30.54166667,29.98404161,56.59316667,4.451667349,-3.620458309,1.88979168,0.040933333,282.4037482,978.3086192,699.5579631
30/05/2026,26.125,28.29787493,63.78270833,3.821372779,-2.463958343,0.759083338,0.18575417,279.4155394,980.1506195,754.4745477
31/05/2026,30.79166667,26.43412503,76.06520833,2.918077783,-2.482958332,0.459125005,0.484033327,216.5555846,981.6569163,565.0910428
01/06/2026,43.79166667,28.8053747,69.79495833,2.71030265,-2.579250008,0.354791667,0.025470833,256.0496244,981.3404617,660.2972841
02/06/2026,57.58333333,30.1288751,64.59108333,2.454607458,-1.760291668,1.156749995,0.040233332,262.2370013,980.3245061,653.5816728
03/06/2026,67.66666667,32.47920847,58.86754167,1.134120828,-0.484291662,0.213041668,0.003058333,303.635626,976.8803711,729.3932037
04/06/2026,55.58333333,32.07908336,56.63395833,2.072688667,-0.377166673,0.295250013,0.038124999,286.5562915,974.7573802,688.9023386
05/06/2026,44.7826087,29.72162517,66.03125,2.178364449,0.236374992,-1.018541671,0.014320834,279.9667063,976.3434118,598.288621
06/06/2026,66.16666667,32.74533335,59.56391667,1.604802647,0.673875007,-0.054291659,7.54E-04,308.188922,976.1636607,829.7689987
07/06/2026,38.95833333,33.75649985,53.176,2.173216171,1.276041655,0.169249988,2.79E-04,298.0799587,976.2942047,724.7427926
08/06/2026,45.58333333,34.45866688,48.88966667,2.481549656,1.619999981,-0.002583331,0,303.0836663,973.9682566,920.7442101
09/06/2026,47.625,35.78258316,38.72004167,2.85835873,2.450500018,-0.831874995,0,313.2117943,972.2489548,995.9667851
10/06/2026,NA,36.39950029,42.30195833,2.99069136,2.386124997,-0.064791666,0.0616875,287.1488741,972.1488317,1001.035793
11/06/2026,47.25,31.78916661,62.41908333,4.926904447,-4.163000003,2.244375011,0.223579166,290.4978808,973.596873,600.3338343
12/06/2026,26.76190476,28.09750016,72.0165,5.777661061,-5.447083344,1.156208339,0.0369375,221.4474154,978.6989568,740.4121634
13/06/2026,40,28.43420839,70.76545833,1.907075896,-0.683541678,0.198666668,0.267312503,246.0088746,979.1847051,659.5882426
14/06/2026,80.875,31.33262491,62.63954167,1.657832119,1.11041666,-0.324499998,0.0087625,296.905252,976.5680796,595.5975816
15/06/2026,36.95833333,30.76162497,58.09,2.496509551,1.350916666,-1.166375003,0.069125001,289.8474573,977.2839177,526.8581289
16/06/2026,36.625,29.5459582,68.07975,1.848071105,1.182666663,0.063541666,0.090525001,264.4770392,978.7022909,442.798706
17/06/2026,38.91666667,31.45779173,63.61954167,1.846962868,1.586833338,-0.095041665,0.009520834,291.8697513,978.3814163,591.1216201
18/06/2026,63.22222222,33.17333317,57.60133333,2.000566761,1.319833336,-1.069708334,0.002166667,277.7978341,977.1521683,765.9686526
19/06/2026,36,32.87962468,55.193625,2.6102836,2.359166667,-0.816041659,0.009770834,291.3910408,977.3676224,715.0156328
20/06/2026,50.16666667,33.60683362,53.39258333,3.386885676,3.099416653,-0.935666656,0,290.7911248,977.3247935,907.049208
21/06/2026,42.72727273,33.06574996,52.58770833,3.281630795,3.21691671,0.220791667,0.013866667,278.3385032,976.0527929,688.9416742
22/06/2026,44.79166667,32.28883354,54.57416667,3.130926479,2.802708348,-0.912541672,0.016545833,291.0421666,976.5152944,689.6070811
23/06/2026,64.625,32.2941668,55.88354167,2.134557164,1.851624985,-0.265708323,0.016691667,293.5600408,974.8190791,659.6782515
24/06/2026,39.30434783,32.04916652,56.59295833,1.786429671,1.34700002,0.60774999,5.17E-04,282.578585,974.8008372,693.1797448
25/06/2026,53.5,32.95529191,60.82941667,1.633286618,0.583833331,0.287749999,0.01765,269.6778744,976.1080856,400.7910003
26/06/2026,32,34.49279173,56.48725,1.346564348,1.01216667,0.56204166,0.003675,284.3052127,976.8190384,625.5938279
27/06/2026,53.04166667,35.28091669,53.20691667,1.580295381,1.134041661,0.217249994,0.005308333,269.1815016,975.4817937,637.5610408
28/06/2026,50.25,35.02162488,58.20816667,1.820865804,0.367958335,0.212625,0.022254166,265.268081,973.2135035,688.9806175
29/06/2026,53.45833333,34.87383366,59.435625,1.923902822,-0.155499988,0.11695833,0.110491669,281.0896665,972.0552495,723.6278316
30/06/2026,45.04166667,34.11574968,61.81541667,3.309181852,-1.394750001,0.684458339,0.004529167,198.9259567,972.5836589,691.179293
01/07/2026,39.79166667,30.11224985,80.009625,3.592886528,-3.216083318,1.210708332,0.048545833,126.6615006,974.573583,496.9675865
02/07/2026,42.125,29.41312496,82.98225,1.72709117,-1.499791677,-0.163791659,0.425533329,206.3592493,975.2753347,519.5332489
03/07/2026,60.79166667,31.67820803,77.103625,2.098826372,-1.56195834,0.847624997,0.109816665,226.7710801,974.9810003,524.5290837
04/07/2026,83.66666667,31.55474997,78.86929167,1.373755475,-0.617791676,0.347500008,0.261587496,194.9459581,973.186175,438.3151224
05/07/2026,NA,31.29629167,79.054625,1.866700745,-1.570291658,0.554000007,0.112945835,213.5415413,972.6541697,389.2000822
06/07/2026,NA,31.42641687,79.73954167,2.259235031,-1.812500003,0.645291665,0.890091679,179.5155428,972.8402913,469.0679563
07/07/2026,32.82608696,30.18137511,83.678875,1.732685931,-0.505374997,0.886249994,0.127033331,224.2688337,972.5388387,289.0378316
08/07/2026,20.58333333,27.78129172,93.08704167,2.591555405,-2.039583324,-1.379666664,1.081516666,103.5866257,972.1480815,384.2198745
09/07/2026,5.227272727,26.36775001,96.31991667,3.534976125,-0.252125001,-3.417291626,7.980391716,27.1503756,972.7051646,386.194836
